/* source file par_rule2.par */
/* output file par_rule2.h */
/* file created on Sat Aug 15 12:21:32 2026 */

const int num_rule_sections=3;

const int rule_sections[3]={	0,	11,	78	};

const int num_rules=216;

const int rule_index_table[216] = {
	0x0000,	0x0028,	0x0050,	0x00A0,	0x00DC,	0x0104,
	0x013C,	0x0164,	0x01A0,	0x01C0,	0x01D8,	0x01E0,
	0x01F8,	0x0220,	0x0238,	0x0264,	0x028C,	0x02AC,
	0x02BC,	0x02D8,	0x02F4,	0x0324,	0x039C,	0x0424,
	0x0498,	0x04BC,	0x04F4,	0x0540,	0x0588,	0x05C0,
	0x05FC,	0x0618,	0x0640,	0x067C,	0x06B0,	0x06E4,
	0x0704,	0x072C,	0x0754,	0x077C,	0x07A0,	0x07B4,
	0x07C4,	0x07D4,	0x0808,	0x0850,	0x086C,	0x0888,
	0x08B0,	0x08D8,	0x08F0,	0x0918,	0x0940,	0x0964,
	0x098C,	0x09B0,	0x09CC,	0x09EC,	0x0A04,	0x0A24,
	0x0A2C,	0x0A54,	0x0A6C,	0x0A74,	0x0AAC,	0x0AEC,
	0x0B2C,	0x0B60,	0x0B9C,	0x0BD8,	0x0BF0,	0x0C1C,
	0x0C48,	0x0C5C,	0x0C98,	0x0CD4,	0x0D10,	0x0D4C,
	0x0D54,	0x0D94,	0x0DE8,	0x0E38,	0x0E88,	0x0EA4,
	0x0EE4,	0x0F18,	0x0F34,	0x0F80,	0x0FD0,	0x1018,
	0x1068,	0x10D8,	0x1148,	0x11BC,	0x11E4,	0x120C,
	0x1244,	0x127C,	0x12A8,	0x12D0,	0x12F8,	0x1330,
	0x1368,	0x13D4,	0x1400,	0x141C,	0x146C,	0x1494,
	0x14B4,	0x14DC,	0x14F4,	0x1544,	0x158C,	0x15DC,
	0x15FC,	0x163C,	0x16DC,	0x1710,	0x1770,	0x17C0,
	0x1810,	0x1858,	0x18AC,	0x18E8,	0x1918,	0x1948,
	0x1978,	0x19AC,	0x19E0,	0x19F8,	0x1A24,	0x1A50,
	0x1A7C,	0x1A94,	0x1ABC,	0x1AE0,	0x1B0C,	0x1B38,
	0x1B64,	0x1BA8,	0x1BEC,	0x1C14,	0x1C3C,	0x1C60,
	0x1C88,	0x1CE0,	0x1D38,	0x1D6C,	0x1DA0,	0x1DC4,
	0x1DEC,	0x1E14,	0x1E44,	0x1E78,	0x1EAC,	0x1EE0,
	0x1F08,	0x1F24,	0x1F54,	0x1F80,	0x1FA0,	0x1FC8,
	0x1FE8,	0x2004,	0x2014,	0x2028,	0x2088,	0x20EC,
	0x2154,	0x21B0,	0x21FC,	0x2244,	0x22A4,	0x22D0,
	0x22F0,	0x2310,	0x2330,	0x2358,	0x2374,	0x2394,
	0x23B4,	0x23BC,	0x240C,	0x244C,	0x2454,	0x2474,
	0x24A8,	0x24B0,	0x24D4,	0x250C,	0x2524,	0x252C,
	0x2578,	0x2580,	0x25A4,	0x25AC,	0x25C8,	0x25F8,
	0x2600,	0x2638,	0x2640,	0x2690,	0x26CC,	0x26D4,
	0x2704,	0x270C,	0x2770,	0x2778,	0x27D0,	0x27D8,
	0x27E0,	0x2864,	0x286C,	0x2898,	0x28A0,	0x28C8
};

/*
 * in this file, the rule in its old form is printed before the
 * the rule in its new form
 */

const unsigned char rule_data_table[10448] = {
  0x00,  0x10,  0x59,  0x02,  0x6F,  0x00,  0x00,  0x00,  0x30,  0x00,
  0x00,  0x00,  0x0A,  0x00,  0x5A,  0x1E,  0x25,  0xD0,  0x06,  0x53,
  0x65,  0x6E,  0x74,  0x3A,  0x20,  0x83,  0x01,  0x1D,  0x81,  0x11,
  0x0A,  0x11,  0x81,  0x10,  0x01,  0x2E,  0x11,  0x82,  0x00,  0x00,
  0x00,  0x10,  0x5A,  0x02,  0x6F,  0x00,  0x00,  0x00,  0x30,  0x00,
  0x00,  0x00,  0x0A,  0x00,  0x5A,  0x1E,  0x25,  0xD0,  0x06,  0x44,
  0x61,  0x74,  0x65,  0x3A,  0x20,  0x83,  0x01,  0x1D,  0x81,  0x11,
  0x0A,  0x11,  0x81,  0x10,  0x01,  0x2E,  0x11,  0x82,  0x00,  0x00,
  0x00,  0x10,  0x5B,  0x02,  0x6F,  0x00,  0x00,  0x00,  0x30,  0x00,
  0x00,  0x00,  0x0A,  0x00,  0x5A,  0x44,  0x4B,  0x19,  0x27,  0x3E,
  0xD0,  0x08,  0x53,  0x75,  0x62,  0x6A,  0x65,  0x63,  0x74,  0x3A,
  0xCE,  0x02,  0x41,  0x03,  0xD0,  0x04,  0x52,  0x65,  0x3A,  0x20,
  0x10,  0x15,  0x53,  0x75,  0x62,  0x6A,  0x65,  0x63,  0x74,  0x74,
  0x3A,  0x20,  0x72,  0x65,  0x67,  0x61,  0x72,  0x64,  0x69,  0x6E,
  0x67,  0x2C,  0x20,  0x83,  0x01,  0x43,  0x81,  0x11,  0x0A,  0x11,
  0x81,  0x10,  0x01,  0x2E,  0x11,  0x82,  0x00,  0x00,  0x00,  0x00,
  0x00,  0x10,  0x5C,  0x02,  0x6F,  0x00,  0x00,  0x00,  0x30,  0x00,
  0x00,  0x00,  0x0A,  0x00,  0x5A,  0x30,  0x37,  0x19,  0x1E,  0x2A,
  0xD0,  0x09,  0x53,  0x75,  0x62,  0x6A,  0x65,  0x63,  0x74,  0x3A,
  0x20,  0x10,  0x0A,  0x53,  0x75,  0x62,  0x6A,  0x65,  0x63,  0x74,
  0x74,  0x3A,  0x20,  0x83,  0x01,  0x2F,  0x81,  0x11,  0x0A,  0x11,
  0x81,  0x10,  0x01,  0x2E,  0x11,  0x82,  0x00,  0x00,  0x00,  0x00,
  0x00,  0x10,  0x5D,  0x02,  0x6F,  0x00,  0x00,  0x00,  0x30,  0x00,
  0x00,  0x00,  0x0A,  0x00,  0x5A,  0x1E,  0x25,  0xD0,  0x06,  0x46,
  0x72,  0x6F,  0x6D,  0x3A,  0x20,  0x83,  0x01,  0x1D,  0x81,  0x11,
  0x0A,  0x11,  0x81,  0x10,  0x01,  0x2E,  0x11,  0x82,  0x00,  0x00,
  0x00,  0x10,  0x5E,  0x02,  0x6F,  0x00,  0x00,  0x00,  0x30,  0x00,
  0x00,  0x00,  0x0A,  0x00,  0x5A,  0x2E,  0x35,  0x19,  0x19,  0x28,
  0xD0,  0x04,  0x54,  0x6F,  0x3A,  0x20,  0x10,  0x02,  0x54,  0x6F,
  0x11,  0x81,  0x10,  0x01,  0x2F,  0x11,  0x82,  0x10,  0x02,  0x3A,
  0x20,  0x83,  0x01,  0x2D,  0x81,  0x11,  0x0A,  0x11,  0x81,  0x10,
  0x01,  0x2E,  0x11,  0x82,  0x00,  0x00,
  0x00,  0x10,  0x5F,  0x02,  0x6F,  0x00,  0x00,  0x00,  0x30,  0x00,
  0x00,  0x00,  0x0A,  0x00,  0x5A,  0x1C,  0x23,  0xF0,  0x04,  0x63,
  0x63,  0x3A,  0x20,  0x83,  0x01,  0x1B,  0x81,  0x11,  0x0A,  0x11,
  0x81,  0x10,  0x01,  0x2E,  0x11,  0x82,  0x00,  0x00,  0x00,  0x00,
  0x00,  0x10,  0x60,  0x02,  0x6F,  0x00,  0x00,  0x00,  0x30,  0x00,
  0x00,  0x00,  0x0A,  0x00,  0x5A,  0x30,  0x37,  0xD0,  0x18,  0x2D,
  0x2D,  0x2D,  0x2D,  0x2D,  0x2D,  0x20,  0x46,  0x6F,  0x72,  0x77,
  0x61,  0x72,  0x64,  0x65,  0x64,  0x20,  0x4D,  0x65,  0x73,  0x73,
  0x61,  0x67,  0x65,  0x83,  0x01,  0x2F,  0x81,  0x11,  0x0A,  0x11,
  0x81,  0x10,  0x01,  0x2E,  0x11,  0x82,  0x00,  0x00,  0x00,  0x00,
  0x00,  0x10,  0x61,  0x02,  0x6F,  0x00,  0x00,  0x00,  0x20,  0x00,
  0x00,  0x00,  0x0A,  0x00,  0x19,  0x17,  0x1D,  0x90,  0x05,  0x3A,
  0x46,  0x72,  0x6F,  0x6D,  0x10,  0x04,  0x66,  0x72,  0x6F,  0x6D,
  0x00,  0x00,
  0x00,  0x00,  0x80,  0x02,  0x6F,  0x00,  0x00,  0x00,  0x10,  0x00,
  0x00,  0x00,  0x19,  0x11,  0x14,  0xC3,  0x01,  0x81,  0x10,  0x01,
  0x20,  0x00,  0x00,  0x00,
  0x00,  0x20,  0x8A,  0x02,  0x00,  0x00,  0x00,  0x00,
  0x00,  0x00,  0x00,  0x00,  0xFF,  0xFF,  0xFF,  0xFF,  0x04,  0x00,
  0x00,  0x00,  0x5A,  0x11,  0x14,  0xCA,  0x01,  0x01,  0x10,  0x01,
  0x20,  0x00,  0x00,  0x00,
  0x40,  0x10,  0x05,  0x00,  0xFF,  0xFF,  0xFF,  0xFF,  0x04,  0x00,
  0x00,  0x00,  0x0B,  0x00,  0x8E,  0x81,  0x18,  0x80,  0x3A,  0x1D,
  0x20,  0x5A,  0x1A,  0x1D,  0x4A,  0x01,  0x01,  0x10,  0x01,  0x20,
  0x10,  0x01,  0x20,  0x4E,  0x81,  0x80,  0x00,  0x00,  0x00,  0x00,
  0x00,  0x00,  0x7E,  0x09,  0xFF,  0xFF,  0xFF,  0xFF,  0x32,  0x00,
  0x00,  0x00,  0x19,  0x10,  0x13,  0x91,  0x8D,  0x10,  0x01,  0x5C,
  0x00,  0x00,  0x00,  0x00,
  0x40,  0x10,  0x7F,  0x09,  0xFF,  0xFF,  0xFF,  0xFF,  0x32,  0x00,
  0x00,  0x00,  0x3C,  0x00,  0xC2,  0x01,  0x01,  0x19,  0x17,  0x1E,
  0xD0,  0x02,  0x3A,  0x5C,  0x10,  0x05,  0x20,  0x3A,  0x20,  0x5C,
  0x20,  0xC1,  0x01,  0x01,  0x5A,  0x27,  0x29,  0x4E,  0x81,  0x81,
  0x11,  0x84,  0x00,  0x00,
  0x00,  0x10,  0x4F,  0x14,  0xFF,  0xFF,  0xFF,  0xFF,  0x32,  0x00,
  0x00,  0x00,  0x11,  0x00,  0xCE,  0x81,  0x81,  0xD3,  0x01,  0x17,
  0x01,  0x81,  0xD1,  0x83,  0x15,  0x1E,  0x8E,  0x02,  0x1F,  0x40,
  0x03,  0x44,  0x01,  0x01,  0x4E,  0x01,  0x01,  0x00,  0x00,  0x00,
  0x00,  0x10,  0x50,  0x14,  0xFF,  0xFF,  0xFF,  0xFF,  0x32,  0x00,
  0x00,  0x00,  0x0D,  0x00,  0xCE,  0x81,  0x81,  0x15,  0x17,  0x8E,
  0x02,  0x18,  0x41,  0x03,  0x44,  0x01,  0x01,  0x4E,  0x01,  0x01,
  0x00,  0x00,
  0x00,  0x00,  0x80,  0x09,  0xFF,  0xFF,  0xFF,  0xFF,  0x32,  0x00,
  0x00,  0x00,  0xC2,  0x01,  0x81,  0x00,
  0x40,  0x10,  0x81,  0x09,  0xFF,  0xFF,  0xFF,  0xFF,  0x32,  0x00,
  0x00,  0x00,  0x11,  0x00,  0x8E,  0x81,  0x15,  0x80,  0x19,  0x17,
  0x1A,  0x10,  0x01,  0x5C,  0x10,  0x01,  0x20,  0x00,
  0x00,  0x00,  0x1E,  0x00,  0x04,  0x00,  0x00,  0x00,  0x32,  0x00,
  0x00,  0x00,  0xC2,  0x01,  0x01,  0x19,  0x14,  0x17,  0xD0,  0x01,
  0x2D,  0x10,  0x01,  0x20,  0xC2,  0x01,  0x81,  0x00,
  0x40,  0x10,  0x3B,  0x00,  0xFF,  0xFF,  0xFF,  0xFF,  0x32,  0x00,
  0x00,  0x00,  0x29,  0x00,  0x15,  0x12,  0xD0,  0x01,  0x22,  0xC1,
  0x01,  0x81,  0x3A,  0x21,  0x24,  0x5A,  0x1E,  0x21,  0xD0,  0x01,
  0x2E,  0x10,  0x01,  0x20,  0x10,  0x01,  0x20,  0xC2,  0x01,  0x81,
  0x15,  0x2C,  0x90,  0x01,  0x22,  0x00,  0x00,  0x00,
  0x00,  0x00,  0x1F,  0x00,  0xFF,  0xFF,  0xFF,  0xFF,  0x32,  0x00,
  0x00,  0x00,  0x16,  0x21,  0x15,  0x21,  0xD3,  0x03,  0x19,  0x1D,
  0x21,  0x01,  0x01,  0xD0,  0x01,  0x22,  0xD0,  0x02,  0x60,  0x60,
  0xD0,  0x02,  0x27,  0x27,  0xD3,  0x08,  0x30,  0x33,  0x36,  0x39,
  0x3C,  0x3F,  0x42,  0x45,  0x01,  0x81,  0xCE,  0x01,  0x81,  0xC1,
  0x01,  0x81,  0xD0,  0x01,  0x24,  0xD0,  0x01,  0x2D,  0xD0,  0x01,
  0x5F,  0xD0,  0x01,  0x2C,  0xD0,  0x01,  0x25,  0xD0,  0x01,  0x2E,
  0x16,  0x4D,  0x15,  0x4D,  0x84,  0x01,  0x50,  0x81,  0x15,  0x71,
  0xD3,  0x07,  0x5D,  0x60,  0x63,  0x66,  0x69,  0x6D,  0x71,  0x01,
  0x81,  0xD0,  0x01,  0x29,  0xD0,  0x01,  0x5D,  0xD0,  0x01,  0x3E,
  0xD0,  0x01,  0x7D,  0xD0,  0x01,  0x22,  0xD0,  0x02,  0x27,  0x27,
  0xD0,  0x02,  0x60,  0x60,  0xC4,  0x01,  0x81,  0x00,  0x00,  0x00,
  0x00,  0x00,  0x20,  0x00,  0xFF,  0xFF,  0xFF,  0xFF,  0x32,  0x00,
  0x00,  0x00,  0x16,  0x21,  0x15,  0x21,  0xD3,  0x03,  0x19,  0x1D,
  0x21,  0x01,  0x01,  0xD0,  0x01,  0x22,  0xD0,  0x02,  0x60,  0x60,
  0xD0,  0x02,  0x27,  0x27,  0xD3,  0x08,  0x30,  0x33,  0x36,  0x39,
  0x3C,  0x3F,  0x42,  0x45,  0x01,  0x81,  0xCE,  0x01,  0x81,  0xC1,
  0x01,  0x81,  0xD0,  0x01,  0x24,  0xD0,  0x01,  0x2D,  0xD0,  0x01,
  0x5F,  0xD0,  0x01,  0x2C,  0xD0,  0x01,  0x25,  0xD0,  0x01,  0x2E,
  0x16,  0x4B,  0x84,  0x01,  0x4F,  0x81,  0x19,  0x70,  0x73,  0xD3,
  0x07,  0x5C,  0x5F,  0x62,  0x65,  0x68,  0x6C,  0x70,  0x01,  0x81,
  0xD0,  0x01,  0x29,  0xD0,  0x01,  0x5D,  0xD0,  0x01,  0x3E,  0xD0,
  0x01,  0x7D,  0xD0,  0x01,  0x22,  0xD0,  0x02,  0x27,  0x27,  0xD0,
  0x02,  0x60,  0x60,  0x10,  0x01,  0x20,  0xD3,  0x03,  0x7D,  0x80,
  0x83,  0x01,  0x81,  0xC1,  0x01,  0x81,  0xD0,  0x01,  0x2D,  0xD0,
  0x01,  0x5F,  0x00,  0x00,  0x00,  0x00,
  0x00,  0x00,  0x21,  0x00,  0xFF,  0xFF,  0xFF,  0xFF,  0x32,  0x00,
  0x00,  0x00,  0x16,  0x21,  0x15,  0x21,  0xD3,  0x03,  0x19,  0x1D,
  0x21,  0x01,  0x01,  0xD0,  0x01,  0x22,  0xD0,  0x02,  0x60,  0x60,
  0xD0,  0x02,  0x27,  0x27,  0xD3,  0x08,  0x30,  0x33,  0x36,  0x39,
  0x3C,  0x3F,  0x42,  0x45,  0x01,  0x81,  0xCE,  0x01,  0x81,  0xC1,
  0x01,  0x81,  0xD0,  0x01,  0x24,  0xD0,  0x01,  0x2D,  0xD0,  0x01,
  0x5F,  0xD0,  0x01,  0x2C,  0xD0,  0x01,  0x25,  0xD0,  0x01,  0x2E,
  0x16,  0x4B,  0x84,  0x01,  0x4E,  0x81,  0x15,  0x6F,  0xD3,  0x07,
  0x5B,  0x5E,  0x61,  0x64,  0x67,  0x6B,  0x6F,  0x01,  0x81,  0xD0,
  0x01,  0x29,  0xD0,  0x01,  0x5D,  0xD0,  0x01,  0x3E,  0xD0,  0x01,
  0x7D,  0xD0,  0x01,  0x22,  0xD0,  0x02,  0x27,  0x27,  0xD0,  0x02,
  0x60,  0x60,  0x00,  0x00,  0x00,  0x00,
  0x00,  0x00,  0x22,  0x00,  0xFF,  0xFF,  0xFF,  0xFF,  0x32,  0x00,
  0x00,  0x00,  0x5A,  0x1B,  0x1E,  0x1A,  0x18,  0x1B,  0xC1,  0x01,
  0x81,  0xD0,  0x02,  0x3A,  0x3A,  0x10,  0x01,  0x20,  0x10,  0x01,
  0x20,  0xC1,  0x01,  0x80,  0x00,  0x00,
  0x00,  0x00,  0x27,  0x00,  0xFF,  0xFF,  0xFF,  0xFF,  0x32,  0x00,
  0x00,  0x00,  0xEF,  0x02,  0x40,  0x18,  0xD0,  0x01,  0x3A,  0xEF,
  0x02,  0x40,  0x3C,  0x16,  0x1F,  0xD0,  0x01,  0x3A,  0xEF,  0x02,
  0x40,  0x3B,  0x16,  0x35,  0x3A,  0x32,  0x35,  0xD3,  0x02,  0x2E,
  0x32,  0x01,  0x01,  0xF0,  0x02,  0x61,  0x6D,  0xF0,  0x02,  0x70,
  0x6D,  0x10,  0x01,  0x20,  0x00,  0x00,
  0x00,  0x00,  0x71,  0x34,  0x21,  0x00,  0x00,  0x00,  0x32,  0x00,
  0x00,  0x00,  0x16,  0x16,  0x5A,  0x13,  0x16,  0xF0,  0x01,  0x76,
  0x10,  0x01,  0x20,  0xCF,  0x01,  0x81,  0xD0,  0x01,  0x2E,  0xCF,
  0x01,  0x81,  0x16,  0x49,  0x3A,  0x2A,  0x2D,  0xD0,  0x01,  0x2E,
  0xCF,  0x01,  0x81,  0x10,  0x01,  0x20,  0x16,  0x49,  0x3A,  0x38,
  0x3B,  0xD0,  0x01,  0x2E,  0xCF,  0x01,  0x81,  0x10,  0x01,  0x20,
  0x16,  0x49,  0x3A,  0x46,  0x49,  0xD0,  0x01,  0x2E,  0xCF,  0x01,
  0x81,  0x10,  0x01,  0x20,  0x00,  0x00,
  0x40,  0x00,  0x28,  0x00,  0xFF,  0xFF,  0xFF,  0xFF,  0x32,  0x00,
  0x00,  0x00,  0x16,  0x19,  0xD3,  0x02,  0x16,  0x19,  0x01,  0x01,
  0xD0,  0x01,  0x2D,  0xD0,  0x01,  0x2B,  0xD3,  0x06,  0x26,  0x2C,
  0x32,  0x38,  0x3E,  0x44,  0x01,  0x81,  0xCF,  0x01,  0x81,  0xD0,
  0x01,  0x2E,  0xCF,  0x01,  0x81,  0xD0,  0x01,  0x2C,  0xCF,  0x01,
  0x81,  0xD0,  0x01,  0x24,  0xCF,  0x01,  0x81,  0xD0,  0x01,  0x80,
  0xCF,  0x01,  0x81,  0xD0,  0x01,  0xA3,  0xCF,  0x01,  0x81,  0x00,
  0x00,  0x00,
  0x00,  0x00,  0x2A,  0x00,  0xFF,  0xFF,  0xFF,  0xFF,  0x32,  0x00,
  0x00,  0x00,  0x16,  0x19,  0xD3,  0x02,  0x16,  0x19,  0x01,  0x01,
  0xD0,  0x01,  0x2D,  0xD0,  0x01,  0x2B,  0xD3,  0x03,  0x23,  0x26,
  0x29,  0x01,  0x01,  0xD0,  0x01,  0x24,  0xD0,  0x01,  0xA3,  0xD0,
  0x01,  0x80,  0xCF,  0x01,  0x80,  0x16,  0x34,  0xD0,  0x01,  0x2E,
  0xCF,  0x01,  0x81,  0x00,  0x00,  0x00,
  0x00,  0x00,  0x2B,  0x00,  0x48,  0x00,  0x00,  0x00,  0x32,  0x00,
  0x00,  0x00,  0x16,  0x19,  0xD3,  0x02,  0x16,  0x19,  0x01,  0x01,
  0xD0,  0x01,  0x2D,  0xD0,  0x01,  0x2B,  0xD3,  0x04,  0x24,  0x27,
  0x2C,  0x2F,  0x01,  0x01,  0xD0,  0x01,  0x24,  0xD0,  0x01,  0xA3,
  0xF0,  0x03,  0x62,  0x73,  0x2E,  0xD0,  0x01,  0x80,  0xCF,  0x01,
  0x80,  0x16,  0x3A,  0xD0,  0x01,  0x2C,  0xCF,  0x01,  0x81,  0x00,
  0x00,  0x00,  0x2C,  0x00,  0xFF,  0xFF,  0xFF,  0xFF,  0x32,  0x00,
  0x00,  0x00,  0xD3,  0x01,  0x17,  0x02,  0x42,  0x0A,  0xCB,  0x01,
  0x01,  0xD0,  0x01,  0x2E,  0x00,  0x00,  0x00,  0x00,
  0x00,  0x00,  0x2D,  0x00,  0xFF,  0xFF,  0xFF,  0xFF,  0x32,  0x00,
  0x00,  0x00,  0xD3,  0x02,  0x14,  0x17,  0x01,  0x01,  0xF0,  0x01,
  0x61,  0xF0,  0x01,  0x70,  0x15,  0x1C,  0xD0,  0x01,  0x2E,  0xF0,
  0x01,  0x6D,  0x15,  0x24,  0x90,  0x01,  0x2E,  0x00,  0x00,  0x00,
  0x00,  0x10,  0x2E,  0x00,  0xFF,  0xFF,  0xFF,  0xFF,  0x32,  0x00,
  0x00,  0x00,  0x3F,  0x00,  0x5A,  0x36,  0x38,  0x5A,  0x30,  0x33,
  0xD3,  0x03,  0x23,  0x2B,  0x30,  0x01,  0x01,  0xD0,  0x07,  0x68,
  0x74,  0x74,  0x70,  0x3A,  0x2F,  0x2F,  0xD0,  0x06,  0x66,  0x74,
  0x70,  0x3A,  0x2F,  0x2F,  0xD0,  0x03,  0x77,  0x77,  0x77,  0x10,
  0x01,  0x20,  0xCE,  0x81,  0x81,  0x11,  0x0B,  0x00,  0x00,  0x00,
  0x00,  0x10,  0xF9,  0x11,  0xFF,  0xFF,  0xFF,  0xFF,  0x32,  0x00,
  0x00,  0x00,  0x3F,  0x00,  0x5A,  0x2D,  0x2F,  0x8E,  0x81,  0x1B,
  0x81,  0x3A,  0x20,  0x23,  0x5A,  0x1D,  0x20,  0x50,  0x01,  0x40,
  0x10,  0x01,  0x20,  0x10,  0x01,  0x20,  0x8E,  0x81,  0x28,  0x81,
  0x50,  0x01,  0x2E,  0xCE,  0x81,  0x81,  0x11,  0x0B,  0x00,  0x00,
  0x00,  0x00,
  0x00,  0x00,  0x2F,  0x00,  0xFF,  0xFF,  0xFF,  0xFF,  0x32,  0x00,
  0x00,  0x00,  0x19,  0x28,  0x30,  0x16,  0x13,  0xD0,  0x01,  0x7B,
  0xD3,  0x03,  0x1F,  0x23,  0x28,  0x01,  0x01,  0xD0,  0x03,  0x3A,
  0x2D,  0x29,  0xD0,  0x02,  0x3A,  0x29,  0xD0,  0x03,  0x3A,  0x5E,
  0x29,  0x10,  0x06,  0x73,  0x6D,  0x69,  0x6C,  0x65,  0x21,  0x00,
  0x00,  0x00,
  0x00,  0x00,  0x31,  0x00,  0xFF,  0xFF,  0xFF,  0xFF,  0x32,  0x00,
  0x00,  0x00,  0x5D,  0x0E,  0x14,  0x1D,  0x1D,  0xCE,  0x82,  0x42,
  0x05,  0x14,  0x1D,  0x19,  0x1B,  0x1D,  0x92,  0x07,  0x12,  0x09,
  0x00,  0x00,
  0x00,  0x00,  0x32,  0x00,  0xFF,  0xFF,  0xFF,  0xFF,  0x32,  0x00,
  0x00,  0x00,  0x8E,  0x81,  0x13,  0x81,  0x19,  0x15,  0x18,  0x50,
  0x01,  0x2E,  0x10,  0x01,  0x20,  0x15,  0x22,  0xD3,  0x01,  0x22,
  0x01,  0x81,  0xD0,  0x01,  0x2E,  0xCE,  0x81,  0x81,  0x00,  0x00,
  0x00,  0x00,  0x46,  0x00,  0xFF,  0xFF,  0xFF,  0xFF,  0x32,  0x00,
  0x00,  0x00,  0x8E,  0x81,  0x13,  0x81,  0x19,  0x15,  0x18,  0x50,
  0x01,  0x5F,  0x10,  0x01,  0x20,  0x15,  0x22,  0xD3,  0x01,  0x22,
  0x01,  0x80,  0xD0,  0x01,  0x5F,  0xCE,  0x81,  0x81,  0x00,  0x00,
  0x00,  0x00,  0x47,  0x00,  0xFF,  0xFF,  0xFF,  0xFF,  0x32,  0x00,
  0x00,  0x00,  0x8E,  0x81,  0x13,  0x81,  0x19,  0x15,  0x18,  0x50,
  0x01,  0x2D,  0x10,  0x01,  0x20,  0x15,  0x22,  0xD3,  0x01,  0x22,
  0x01,  0x81,  0xD0,  0x01,  0x2D,  0xCE,  0x81,  0x81,  0x00,  0x00,
  0x00,  0x00,  0x33,  0x00,  0xFF,  0xFF,  0xFF,  0xFF,  0x32,  0x00,
  0x00,  0x00,  0x19,  0x12,  0x1F,  0xCA,  0x02,  0x45,  0x80,  0x10,
  0x01,  0x20,  0x11,  0x81,  0x10,  0x01,  0x2E,  0x11,  0x82,  0x10,
  0x01,  0x20,  0x00,  0x00,  0x00,  0x00,
  0x00,  0x00,  0x34,  0x00,  0xFF,  0xFF,  0xFF,  0xFF,  0x32,  0x00,
  0x00,  0x00,  0xF0,  0x01,  0x63,  0x90,  0x02,  0x2B,  0x2B,  0x00,
  0x00,  0x00,  0x35,  0x00,  0xFF,  0xFF,  0xFF,  0xFF,  0x32,  0x00,
  0x00,  0x00,  0xCA,  0x01,  0x01,  0x00,
  0x00,  0x00,  0xB4,  0x14,  0xFF,  0xFF,  0xFF,  0xFF,  0x32,  0x00,
  0x00,  0x00,  0xC2,  0x01,  0x81,  0x00,
  0x00,  0x00,  0x30,  0x00,  0x02,  0x00,  0x00,  0x00,  0xFF,  0xFF,
  0xFF,  0xFF,  0x16,  0x19,  0xD3,  0x02,  0x16,  0x19,  0x01,  0x01,
  0xD0,  0x01,  0x2D,  0xD0,  0x01,  0x2B,  0xD3,  0x03,  0x23,  0x29,
  0x2F,  0x01,  0x81,  0xCF,  0x01,  0x81,  0xD0,  0x01,  0x2E,  0xCF,
  0x01,  0x81,  0xD0,  0x01,  0x2C,  0xCF,  0x01,  0x81,  0x90,  0x01,
  0x66,  0x00,
  0x00,  0x10,  0x36,  0x00,  0xFF,  0xFF,  0xFF,  0xFF,  0x32,  0x00,
  0x00,  0x00,  0x31,  0x00,  0xC2,  0x01,  0x81,  0xD3,  0x02,  0x19,
  0x1C,  0x01,  0x81,  0xD0,  0x01,  0x3F,  0xD0,  0x01,  0x21,  0x19,
  0x37,  0x44,  0xD3,  0x05,  0x2B,  0x2E,  0x31,  0x34,  0x37,  0x01,
  0x01,  0xD0,  0x01,  0x2C,  0xD0,  0x01,  0x2E,  0xD0,  0x01,  0x3B,
  0xD0,  0x01,  0x21,  0xD0,  0x01,  0x2D,  0x10,  0x01,  0x20,  0x11,
  0x81,  0x10,  0x01,  0x2E,  0x11,  0x82,  0x10,  0x01,  0x20,  0x00,
  0x00,  0x00,
  0x00,  0x10,  0x18,  0x15,  0xFF,  0xFF,  0xFF,  0xFF,  0x32,  0x00,
  0x00,  0x00,  0x29,  0x00,  0x19,  0x14,  0x17,  0xD0,  0x02,  0x60,
  0x60,  0x10,  0x01,  0x22,  0xCE,  0x81,  0x80,  0x00,
  0x00,  0x10,  0x19,  0x15,  0xFF,  0xFF,  0xFF,  0xFF,  0x32,  0x00,
  0x00,  0x00,  0x29,  0x00,  0x19,  0x14,  0x17,  0xD0,  0x02,  0x27,
  0x27,  0x10,  0x01,  0x22,  0xCE,  0x81,  0x80,  0x00,
  0x00,  0x10,  0x1A,  0x15,  0xFF,  0xFF,  0xFF,  0xFF,  0x32,  0x00,
  0x00,  0x00,  0x29,  0x00,  0x8E,  0x81,  0x15,  0x80,  0x19,  0x20,
  0x23,  0xD3,  0x02,  0x1D,  0x20,  0x01,  0x01,  0xD0,  0x01,  0x91,
  0xD0,  0x01,  0x92,  0x10,  0x01,  0x27,  0xCE,  0x81,  0x80,  0x00,
  0x00,  0x10,  0x1B,  0x15,  0xFF,  0xFF,  0xFF,  0xFF,  0x32,  0x00,
  0x00,  0x00,  0x29,  0x00,  0x8E,  0x81,  0x15,  0x80,  0x19,  0x20,
  0x23,  0xD3,  0x02,  0x1D,  0x20,  0x01,  0x01,  0xD0,  0x01,  0x93,
  0xD0,  0x01,  0x94,  0x10,  0x01,  0x22,  0xCE,  0x81,  0x80,  0x00,
  0x80,  0x00,  0x38,  0x00,  0xFF,  0xFF,  0xFF,  0xFF,  0x32,  0x00,
  0x00,  0x00,  0xC2,  0x01,  0x81,  0xD0,  0x01,  0x2E,  0xC4,  0x01,
  0x01,  0x00,  0x00,  0x00,
  0x00,  0x10,  0x39,  0x00,  0xFF,  0xFF,  0xFF,  0xFF,  0x32,  0x00,
  0x00,  0x00,  0x33,  0x00,  0x8E,  0x81,  0x15,  0x80,  0x17,  0x01,
  0x17,  0x4A,  0x01,  0x01,  0x15,  0x20,  0xD3,  0x01,  0x20,  0x01,
  0x81,  0xD2,  0x01,  0xCE,  0x81,  0x80,  0x00,  0x00,  0x00,  0x00,
  0x40,  0x18,  0x3C,  0x00,  0xFF,  0xFF,  0xFF,  0xFF,  0x32,  0x00,
  0x00,  0x00,  0x29,  0x00,  0x34,  0x00,  0x8E,  0x81,  0x1A,  0x80,
  0x3A,  0x1F,  0x22,  0x5A,  0x1C,  0x1F,  0x44,  0x01,  0x01,  0x10,
  0x01,  0x20,  0x10,  0x01,  0x20,  0x4E,  0x81,  0x81,  0x00,  0x00,
  0x40,  0x10,  0x3F,  0x00,  0xFF,  0xFF,  0xFF,  0xFF,  0x32,  0x00,
  0x00,  0x00,  0x29,  0x00,  0x8E,  0x81,  0x18,  0x80,  0x3A,  0x1D,
  0x20,  0x5A,  0x1A,  0x1D,  0x49,  0x01,  0x01,  0x10,  0x01,  0x20,
  0x10,  0x01,  0x20,  0x00,  0x00,  0x00,
  0x00,  0x10,  0x64,  0x00,  0xFF,  0xFF,  0xFF,  0xFF,  0x01,  0x00,
  0x00,  0x00,  0x37,  0x00,  0x8E,  0x81,  0x15,  0x80,  0x17,  0x01,
  0x17,  0x4A,  0x01,  0x01,  0x15,  0x20,  0xD3,  0x01,  0x20,  0x01,
  0x81,  0xD2,  0x01,  0xCE,  0x81,  0x80,  0x00,  0x00,  0x00,  0x00,
  0x00,  0x10,  0x4E,  0x14,  0xFF,  0xFF,  0xFF,  0xFF,  0x01,  0x00,
  0x00,  0x00,  0x3B,  0x00,  0xCE,  0x81,  0x81,  0xD3,  0x01,  0x17,
  0x01,  0x81,  0xD1,  0x83,  0x15,  0x1E,  0x8E,  0x02,  0x1F,  0x40,
  0x03,  0x44,  0x01,  0x01,  0x00,  0x00,
  0x00,  0x10,  0x51,  0x14,  0xFF,  0xFF,  0xFF,  0xFF,  0x01,  0x00,
  0x00,  0x00,  0x3B,  0x00,  0xCE,  0x81,  0x81,  0x15,  0x17,  0x8E,
  0x02,  0x18,  0x41,  0x03,  0x44,  0x01,  0x01,  0x00,
  0x00,  0x18,  0x65,  0x00,  0xFF,  0xFF,  0xFF,  0xFF,  0x01,  0x00,
  0x00,  0x00,  0x3B,  0x00,  0x39,  0x00,  0xD3,  0x02,  0x18,  0x1B,
  0x01,  0x81,  0xC2,  0x01,  0x81,  0xCF,  0x01,  0x81,  0xC4,  0x01,
  0x01,  0x00,
  0x00,  0x08,  0x67,  0x00,  0xFF,  0xFF,  0xFF,  0xFF,  0x01,  0x00,
  0x00,  0x00,  0x3A,  0x00,  0xC2,  0x01,  0x81,  0xD0,  0x01,  0x27,
  0xC2,  0x01,  0x81,  0x00,
  0x00,  0x18,  0x66,  0x00,  0xFF,  0xFF,  0xFF,  0xFF,  0x01,  0x00,
  0x00,  0x00,  0x3A,  0x00,  0x3B,  0x00,  0x8E,  0x81,  0x17,  0x80,
  0x19,  0x19,  0x1C,  0x4A,  0x01,  0x81,  0x10,  0x01,  0x20,  0x00,
  0x00,  0x00,
  0x00,  0x20,  0x78,  0x00,  0x00,  0x00,  0x00,  0x00,
  0x00,  0x10,  0x8C,  0x09,  0x21,  0x00,  0x00,  0x00,  0x32,  0x00,
  0x00,  0x00,  0x3C,  0x00,  0x83,  0x01,  0x15,  0x81,  0x19,  0x17,
  0x1F,  0x50,  0x01,  0x5C,  0x10,  0x01,  0x20,  0x11,  0x8D,  0x10,
  0x01,  0x20,  0x83,  0x01,  0x24,  0x80,  0x11,  0x84,  0x00,  0x00,
  0x00,  0x10,  0x92,  0x09,  0xFF,  0xFF,  0xFF,  0xFF,  0x32,  0x00,
  0x00,  0x00,  0x0B,  0x00,  0x83,  0x01,  0x14,  0x81,  0x15,  0x15,
  0x11,  0x84,  0x00,  0x00,
  0x00,  0x20,  0x94,  0x09,  0x00,  0x00,  0x00,  0x00,
  0x00,  0x10,  0x82,  0x00,  0x21,  0x00,  0x00,  0x00,  0x32,  0x00,
  0x00,  0x00,  0x45,  0x00,  0x19,  0x19,  0x35,  0x90,  0x07,  0x68,
  0x74,  0x74,  0x70,  0x3A,  0x2F,  0x2F,  0x10,  0x08,  0x68,  0x20,
  0x74,  0x20,  0x74,  0x20,  0x70,  0x20,  0x11,  0x81,  0x10,  0x06,
  0x6B,  0x27,  0x6F,  0x6C,  0x78,  0x6E,  0x11,  0x82,  0x10,  0x04,
  0x20,  0x2F,  0x20,  0x2F,  0x00,  0x00,
  0x00,  0x10,  0x15,  0x05,  0x04,  0x00,  0x00,  0x00,  0x32,  0x00,
  0x00,  0x00,  0x45,  0x00,  0x19,  0x19,  0x3B,  0x90,  0x07,  0x68,
  0x74,  0x74,  0x70,  0x3A,  0x2F,  0x2F,  0x10,  0x08,  0x68,  0x20,
  0x74,  0x20,  0x74,  0x20,  0x70,  0x20,  0x11,  0x81,  0x10,  0x0C,
  0x64,  0x27,  0x63,  0x70,  0x40,  0x6C,  0x2A,  0x70,  0x55,  0x47,
  0x6B,  0x74,  0x11,  0x82,  0x10,  0x04,  0x20,  0x2F,  0x20,  0x2F,
  0x00,  0x00,  0x00,  0x00,
  0x00,  0x10,  0x16,  0x05,  0x48,  0x00,  0x00,  0x00,  0x32,  0x00,
  0x00,  0x00,  0x45,  0x00,  0x19,  0x19,  0x3C,  0x90,  0x07,  0x68,
  0x74,  0x74,  0x70,  0x3A,  0x2F,  0x2F,  0x10,  0x08,  0x68,  0x20,
  0x74,  0x20,  0x74,  0x20,  0x70,  0x20,  0x11,  0x81,  0x10,  0x0D,
  0x64,  0x27,  0x6F,  0x73,  0x2A,  0x70,  0x27,  0x75,  0x6E,  0x2D,
  0x74,  0x6F,  0x73,  0x11,  0x82,  0x10,  0x04,  0x20,  0x2F,  0x20,
  0x2F,  0x00,  0x00,  0x00,
  0x00,  0x10,  0x83,  0x00,  0x21,  0x00,  0x00,  0x00,  0x32,  0x00,
  0x00,  0x00,  0x45,  0x00,  0x19,  0x18,  0x32,  0x90,  0x06,  0x66,
  0x74,  0x70,  0x3A,  0x2F,  0x2F,  0x10,  0x06,  0x66,  0x20,  0x74,
  0x20,  0x70,  0x20,  0x11,  0x81,  0x10,  0x06,  0x6B,  0x27,  0x6F,
  0x6C,  0x78,  0x6E,  0x11,  0x82,  0x10,  0x04,  0x20,  0x2F,  0x20,
  0x2F,  0x00,
  0x00,  0x10,  0x1F,  0x05,  0x04,  0x00,  0x00,  0x00,  0x32,  0x00,
  0x00,  0x00,  0x45,  0x00,  0x19,  0x18,  0x38,  0x90,  0x06,  0x66,
  0x74,  0x70,  0x3A,  0x2F,  0x2F,  0x10,  0x06,  0x66,  0x20,  0x74,
  0x20,  0x70,  0x20,  0x11,  0x81,  0x10,  0x0C,  0x64,  0x27,  0x63,
  0x70,  0x40,  0x6C,  0x2A,  0x70,  0x55,  0x47,  0x6B,  0x74,  0x11,
  0x82,  0x10,  0x04,  0x20,  0x2F,  0x20,  0x2F,  0x00,  0x00,  0x00,
  0x00,  0x10,  0x20,  0x05,  0x48,  0x00,  0x00,  0x00,  0x32,  0x00,
  0x00,  0x00,  0x45,  0x00,  0x19,  0x18,  0x39,  0x90,  0x06,  0x66,
  0x74,  0x70,  0x3A,  0x2F,  0x2F,  0x10,  0x06,  0x66,  0x20,  0x74,
  0x20,  0x70,  0x20,  0x11,  0x81,  0x10,  0x0D,  0x64,  0x27,  0x6F,
  0x73,  0x2A,  0x70,  0x27,  0x75,  0x6E,  0x2D,  0x74,  0x6F,  0x73,
  0x11,  0x82,  0x10,  0x04,  0x20,  0x2F,  0x20,  0x2F,  0x00,  0x00,
  0x00,  0x18,  0x09,  0x14,  0xFF,  0xFF,  0xFF,  0xFF,  0x32,  0x00,
  0x00,  0x00,  0x46,  0x00,  0x4D,  0x00,  0x83,  0x01,  0x14,  0x81,
  0x11,  0x0B,  0x00,  0x00,
  0x00,  0x10,  0x76,  0x01,  0x21,  0x00,  0x00,  0x00,  0xFF,  0xFF,
  0xFF,  0xFF,  0x45,  0x00,  0x83,  0x01,  0x12,  0x80,  0x5D,  0x0F,
  0x1A,  0x23,  0x23,  0x02,  0x01,  0x24,  0x81,  0x14,  0x23,  0x19,
  0x21,  0x23,  0x92,  0x07,  0x12,  0x09,  0x03,  0x01,  0x28,  0x80,
  0x11,  0x0B,  0x00,  0x00,
  0x00,  0x10,  0x9E,  0x0E,  0x21,  0x00,  0x00,  0x00,  0xFF,  0xFF,
  0xFF,  0xFF,  0x45,  0x00,  0xD0,  0x03,  0x20,  0x40,  0x20,  0x5D,
  0x0F,  0x1B,  0x24,  0x24,  0x82,  0x01,  0x25,  0x81,  0x14,  0x24,
  0x19,  0x22,  0x24,  0x92,  0x07,  0x12,  0x09,  0x03,  0x01,  0x29,
  0x80,  0x11,  0x0B,  0x00,
  0x00,  0x01,  0x9D,  0x0E,  0x21,  0x00,  0x00,  0x00,  0xFF,  0xFF,
  0xFF,  0xFF,  0x45,  0x00,  0xC2,  0x01,  0x81,  0x00,  0x00,  0x00,
  0x00,  0x01,  0x0A,  0x14,  0x01,  0x00,  0x00,  0x00,  0x32,  0x00,
  0x00,  0x00,  0x45,  0x00,  0x83,  0x01,  0x17,  0x81,  0x99,  0x22,
  0x37,  0x01,  0x32,  0xD3,  0x02,  0x1F,  0x22,  0x01,  0x01,  0xD0,
  0x01,  0x2E,  0xD0,  0x01,  0x2F,  0x10,  0x01,  0x20,  0x11,  0x81,
  0x10,  0x04,  0x64,  0x27,  0x61,  0x74,  0x11,  0x82,  0x10,  0x01,
  0x20,  0x10,  0x03,  0x20,  0x2F,  0x20,  0x00,  0x00,  0x00,  0x00,
  0x00,  0x01,  0x0B,  0x14,  0x20,  0x00,  0x00,  0x00,  0x32,  0x00,
  0x00,  0x00,  0x45,  0x00,  0x83,  0x01,  0x17,  0x81,  0x99,  0x22,
  0x37,  0x01,  0x32,  0xD3,  0x02,  0x1F,  0x22,  0x01,  0x01,  0xD0,
  0x01,  0x2E,  0xD0,  0x01,  0x2F,  0x10,  0x01,  0x20,  0x11,  0x81,
  0x10,  0x04,  0x64,  0x27,  0x42,  0x74,  0x11,  0x82,  0x10,  0x01,
  0x20,  0x10,  0x03,  0x20,  0x2F,  0x20,  0x00,  0x00,  0x00,  0x00,
  0x00,  0x01,  0x0C,  0x14,  0x04,  0x00,  0x00,  0x00,  0x32,  0x00,
  0x00,  0x00,  0x45,  0x00,  0x83,  0x01,  0x17,  0x81,  0x99,  0x22,
  0x39,  0x01,  0x34,  0xD3,  0x02,  0x1F,  0x22,  0x01,  0x01,  0xD0,
  0x01,  0x2E,  0xD0,  0x01,  0x2F,  0x10,  0x01,  0x20,  0x11,  0x81,
  0x10,  0x06,  0x27,  0x70,  0x55,  0x47,  0x6B,  0x74,  0x11,  0x82,
  0x10,  0x01,  0x20,  0x10,  0x03,  0x20,  0x2F,  0x20,  0x00,  0x00,
  0x00,  0x01,  0x0D,  0x14,  0x48,  0x00,  0x00,  0x00,  0x32,  0x00,
  0x00,  0x00,  0x45,  0x00,  0x83,  0x01,  0x17,  0x81,  0x99,  0x22,
  0x3A,  0x01,  0x35,  0xD3,  0x02,  0x1F,  0x22,  0x01,  0x01,  0xD0,
  0x01,  0x2E,  0xD0,  0x01,  0x2F,  0x10,  0x01,  0x20,  0x11,  0x81,
  0x10,  0x07,  0x70,  0x27,  0x75,  0x6E,  0x2D,  0x74,  0x6F,  0x11,
  0x82,  0x10,  0x01,  0x20,  0x10,  0x03,  0x20,  0x2F,  0x20,  0x00,
  0x00,  0x20,  0x8C,  0x00,  0x00,  0x00,  0x00,  0x00,
  0x00,  0x00,  0xA1,  0x0F,  0x04,  0x00,  0x00,  0x00,  0xFF,  0xFF,
  0xFF,  0xFF,  0xCF,  0x01,  0x81,  0x15,  0x1C,  0xD3,  0x02,  0x19,
  0x1C,  0x01,  0x01,  0xD0,  0x01,  0x3A,  0xD0,  0x01,  0x2E,  0x19,
  0x25,  0x28,  0x17,  0x01,  0x25,  0xCF,  0x01,  0x02,  0x10,  0x01,
  0x20,  0xCE,  0x01,  0x81,  0x19,  0x33,  0x3B,  0x90,  0x03,  0x55,
  0x68,  0x72,  0x10,  0x04,  0x55,  0x68,  0x72,  0x20,  0x12,  0x01,
  0x00,  0x00,  0x00,  0x00,
  0x00,  0x00,  0x90,  0x01,  0x04,  0x00,  0x00,  0x00,  0xFF,  0xFF,
  0xFF,  0xFF,  0xEF,  0x02,  0x40,  0x17,  0x19,  0x21,  0x24,  0x17,
  0x01,  0x21,  0xD3,  0x02,  0x1E,  0x21,  0x01,  0x01,  0xD0,  0x01,
  0x2C,  0xD0,  0x01,  0x3A,  0x10,  0x01,  0x3A,  0xEF,  0x02,  0x40,
  0x3B,  0x16,  0x36,  0x19,  0x2F,  0x32,  0x52,  0x01,  0x10,  0x01,
  0x3A,  0xEF,  0x02,  0x40,  0x3B,  0xCE,  0x02,  0x40,  0x03,  0x15,
  0x51,  0xD3,  0x03,  0x4A,  0x4E,  0x51,  0x01,  0x01,  0xD0,  0x01,
  0x55,  0xF0,  0x02,  0x68,  0x72,  0xF0,  0x02,  0x68,  0x2E,  0xF0,
  0x01,  0x68,  0x00,  0x00,
  0x00,  0x00,  0x91,  0x01,  0x04,  0x00,  0x00,  0x00,  0xFF,  0xFF,
  0xFF,  0xFF,  0xEF,  0x02,  0x41,  0x1F,  0x19,  0x2B,  0x2E,  0x17,
  0x01,  0x2B,  0xD3,  0x04,  0x20,  0x23,  0x26,  0x2B,  0x01,  0x01,
  0xD0,  0x01,  0x2F,  0xD0,  0x01,  0x2D,  0xD0,  0x01,  0x2E,  0xD0,
  0x03,  0x20,  0x2E,  0x20,  0x10,  0x01,  0x2D,  0x5D,  0x04,  0x37,
  0x40,  0x40,  0xEF,  0x02,  0x41,  0x0C,  0x14,  0x40,  0x19,  0x3E,
  0x40,  0x92,  0x07,  0x12,  0x09,  0x19,  0x45,  0x48,  0x52,  0x01,
  0x10,  0x01,  0x2D,  0xCF,  0x02,  0x02,  0x04,  0x00,  0x00,  0x00,
  0x00,  0x00,  0xAA,  0x0F,  0x04,  0x00,  0x00,  0x00,  0xFF,  0xFF,
  0xFF,  0xFF,  0xEF,  0x02,  0x41,  0x1F,  0x19,  0x2B,  0x2E,  0x17,
  0x01,  0x2B,  0xD3,  0x04,  0x20,  0x23,  0x26,  0x2B,  0x01,  0x01,
  0xD0,  0x01,  0x2F,  0xD0,  0x01,  0x2D,  0xD0,  0x01,  0x2E,  0xD0,
  0x03,  0x20,  0x2E,  0x20,  0x10,  0x01,  0x2D,  0x5D,  0x15,  0x37,
  0x40,  0x40,  0x82,  0x01,  0x46,  0x81,  0x14,  0x40,  0x19,  0x3E,
  0x40,  0x92,  0x07,  0x12,  0x09,  0x16,  0x4E,  0x19,  0x47,  0x4A,
  0x52,  0x01,  0x10,  0x01,  0x2D,  0xCF,  0x02,  0x02,  0x04,  0x00,
  0x00,  0x00,  0x92,  0x01,  0x04,  0x00,  0x00,  0x00,  0xFF,  0xFF,
  0xFF,  0xFF,  0x19,  0x13,  0x19,  0x90,  0x03,  0x77,  0x61,  0x76,
  0x10,  0x04,  0x77,  0x65,  0x68,  0x76,  0x00,  0x00,
  0x00,  0x00,  0x93,  0x01,  0x04,  0x00,  0x00,  0x00,  0xFF,  0xFF,
  0xFF,  0xFF,  0xD3,  0x02,  0x14,  0x17,  0x01,  0x81,  0xCF,  0x01,
  0x81,  0xD0,  0x01,  0x2E,  0x15,  0x1C,  0xD0,  0x01,  0x2C,  0x19,
  0x25,  0x28,  0x17,  0x01,  0x25,  0xCF,  0x01,  0x02,  0x10,  0x01,
  0x20,  0xCE,  0x01,  0x81,  0x19,  0x32,  0x3C,  0x90,  0x02,  0x44,
  0x4D,  0x10,  0x06,  0x4D,  0x61,  0x72,  0x6B,  0x2C,  0x20,  0x12,
  0x01,  0x00,  0x00,  0x00,
  0x00,  0x00,  0x94,  0x01,  0x04,  0x00,  0x00,  0x00,  0xFF,  0xFF,
  0xFF,  0xFF,  0x15,  0x14,  0xD0,  0x02,  0x44,  0x4D,  0xCE,  0x01,
  0x81,  0xD3,  0x02,  0x1D,  0x20,  0x01,  0x81,  0xCF,  0x01,  0x81,
  0xD0,  0x01,  0x2E,  0x19,  0x26,  0x2F,  0xD0,  0x01,  0x2C,  0x10,
  0x07,  0x20,  0x4D,  0x61,  0x72,  0x6B,  0x2C,  0x20,  0xCF,  0x01,
  0x02,  0x00,
  0x00,  0x00,  0x95,  0x01,  0x04,  0x00,  0x00,  0x00,  0xFF,  0xFF,
  0xFF,  0xFF,  0x19,  0x12,  0x18,  0x90,  0x02,  0x44,  0x4D,  0x10,
  0x04,  0x4D,  0x61,  0x72,  0x6B,  0x00,  0x00,  0x00,
  0x00,  0x10,  0x99,  0x01,  0x04,  0x00,  0x00,  0x00,  0xFF,  0xFF,
  0xFF,  0xFF,  0xB5,  0x00,  0xD0,  0x01,  0x30,  0xCF,  0x02,  0x42,
  0x04,  0xD3,  0x03,  0x24,  0x27,  0x2A,  0x01,  0x01,  0xCE,  0x01,
  0x80,  0xD0,  0x01,  0x2F,  0xCE,  0x01,  0x80,  0xD0,  0x01,  0x2F,
  0xCE,  0x01,  0x81,  0xD3,  0x02,  0x34,  0x3E,  0x01,  0x01,  0xCF,
  0x02,  0x44,  0x0A,  0xCF,  0x02,  0x41,  0x02,  0xCE,  0x01,  0x81,
  0xCF,  0x01,  0x02,  0x16,  0x47,  0xD0,  0x01,  0x2D,  0xCF,  0x02,
  0x41,  0x05,  0x00,  0x00,  0x00,  0x00,
  0x00,  0x00,  0xF4,  0x01,  0x48,  0x00,  0x00,  0x00,  0xFF,  0xFF,
  0xFF,  0xFF,  0xEF,  0x02,  0x41,  0x1F,  0x19,  0x2B,  0x2E,  0x17,
  0x01,  0x2B,  0xD3,  0x04,  0x20,  0x23,  0x26,  0x2B,  0x01,  0x01,
  0xD0,  0x01,  0x2F,  0xD0,  0x01,  0x2D,  0xD0,  0x01,  0x2E,  0xD0,
  0x03,  0x20,  0x2E,  0x20,  0x10,  0x01,  0x2D,  0x5D,  0x03,  0x37,
  0x40,  0x40,  0xEF,  0x02,  0x41,  0x0C,  0x14,  0x40,  0x19,  0x3E,
  0x40,  0x92,  0x07,  0x12,  0x09,  0x19,  0x45,  0x48,  0x52,  0x01,
  0x10,  0x01,  0x2D,  0xCF,  0x02,  0x02,  0x04,  0x00,  0x00,  0x00,
  0x00,  0x00,  0x02,  0x02,  0x48,  0x00,  0x00,  0x00,  0xFF,  0xFF,
  0xFF,  0xFF,  0x15,  0x31,  0x17,  0x01,  0x22,  0x5D,  0x03,  0x19,
  0x22,  0x22,  0xEF,  0x02,  0x41,  0x0C,  0x14,  0x22,  0x19,  0x20,
  0x22,  0x92,  0x07,  0x12,  0x09,  0x17,  0x02,  0x31,  0xD3,  0x02,
  0x2E,  0x31,  0x01,  0x01,  0xD0,  0x01,  0x2F,  0xD0,  0x01,  0x2D,
  0xEF,  0x02,  0x41,  0x1F,  0x19,  0x3A,  0x42,  0x52,  0x02,  0x10,
  0x01,  0x2D,  0x12,  0x01,  0x10,  0x01,  0x2D,  0xCF,  0x02,  0x02,
  0x04,  0x00,
  0x00,  0x00,  0x14,  0x14,  0x48,  0x00,  0x00,  0x00,  0xFF,  0xFF,
  0xFF,  0xFF,  0xEF,  0x02,  0x41,  0x1F,  0x19,  0x2B,  0x2E,  0x17,
  0x01,  0x2B,  0xD3,  0x04,  0x20,  0x23,  0x26,  0x2B,  0x01,  0x01,
  0xD0,  0x01,  0x2F,  0xD0,  0x01,  0x2D,  0xD0,  0x01,  0x2E,  0xD0,
  0x03,  0x20,  0x2E,  0x20,  0x10,  0x01,  0x2D,  0x5D,  0x16,  0x37,
  0x40,  0x40,  0x82,  0x01,  0x46,  0x81,  0x14,  0x40,  0x19,  0x3E,
  0x40,  0x92,  0x07,  0x12,  0x09,  0x16,  0x4E,  0x19,  0x47,  0x4A,
  0x52,  0x01,  0x10,  0x01,  0x2D,  0xCF,  0x02,  0x02,  0x04,  0x00,
  0x00,  0x10,  0xF5,  0x01,  0x48,  0x00,  0x00,  0x00,  0xFF,  0xFF,
  0xFF,  0xFF,  0xC8,  0x00,  0x16,  0x1E,  0xD0,  0x01,  0x31,  0x19,
  0x18,  0x1E,  0xD0,  0x01,  0x2D,  0x11,  0x86,  0x10,  0x02,  0x2C,
  0x20,  0x1A,  0x25,  0x2A,  0xCF,  0x02,  0x42,  0x03,  0x11,  0x86,
  0x10,  0x01,  0x20,  0x19,  0x30,  0x36,  0xD0,  0x01,  0x2D,  0x11,
  0x86,  0x10,  0x02,  0x2C,  0x20,  0x1A,  0x40,  0x45,  0xEF,  0x02,
  0x42,  0x09,  0x4F,  0x01,  0x02,  0x11,  0x86,  0x10,  0x01,  0x20,
  0x19,  0x4B,  0x51,  0xD0,  0x01,  0x2D,  0x11,  0x86,  0x10,  0x02,
  0x2C,  0x20,  0x5A,  0x64,  0x6D,  0x1A,  0x5A,  0x5F,  0xCF,  0x01,
  0x04,  0x11,  0x86,  0x10,  0x01,  0x20,  0x16,  0x64,  0xC4,  0x01,
  0x01,  0x11,  0x86,  0x11,  0x81,  0x10,  0x01,  0x2C,  0x11,  0x82,
  0x00,  0x00,
  0x00,  0x10,  0xF6,  0x01,  0x48,  0x00,  0x00,  0x00,  0xFF,  0xFF,
  0xFF,  0xFF,  0xC8,  0x00,  0x16,  0x1E,  0xD0,  0x01,  0x31,  0x19,
  0x18,  0x1E,  0xD0,  0x01,  0x20,  0x11,  0x86,  0x10,  0x02,  0x2C,
  0x20,  0x1A,  0x25,  0x2A,  0xCF,  0x02,  0x42,  0x03,  0x11,  0x86,
  0x10,  0x01,  0x20,  0x19,  0x30,  0x36,  0xD0,  0x01,  0x20,  0x11,
  0x86,  0x10,  0x02,  0x2C,  0x20,  0x1A,  0x40,  0x45,  0xEF,  0x02,
  0x42,  0x09,  0x4F,  0x01,  0x02,  0x11,  0x86,  0x10,  0x01,  0x20,
  0x19,  0x4B,  0x51,  0xD0,  0x01,  0x20,  0x11,  0x86,  0x10,  0x02,
  0x2C,  0x20,  0x5A,  0x64,  0x6D,  0x1A,  0x5A,  0x5F,  0xCF,  0x01,
  0x04,  0x11,  0x86,  0x10,  0x01,  0x20,  0x16,  0x64,  0xC4,  0x01,
  0x01,  0x11,  0x86,  0x11,  0x81,  0x10,  0x01,  0x2C,  0x11,  0x82,
  0x00,  0x00,
  0x00,  0x10,  0xF7,  0x01,  0x48,  0x00,  0x00,  0x00,  0xFF,  0xFF,
  0xFF,  0xFF,  0xC8,  0x00,  0x3A,  0x25,  0x2C,  0x5A,  0x1F,  0x25,
  0x1A,  0x1A,  0x1F,  0xCF,  0x02,  0x42,  0x03,  0x11,  0x86,  0x10,
  0x01,  0x20,  0x11,  0x86,  0x10,  0x02,  0x2C,  0x20,  0x11,  0x81,
  0x10,  0x01,  0x2C,  0x11,  0x82,  0xCE,  0x01,  0x80,  0x1A,  0x39,
  0x3E,  0xEF,  0x02,  0x42,  0x09,  0x4F,  0x01,  0x02,  0x11,  0x86,
  0x10,  0x01,  0x20,  0x19,  0x50,  0x56,  0xD3,  0x03,  0x4B,  0x4E,
  0x50,  0x01,  0x01,  0xD0,  0x01,  0x2D,  0xD0,  0x01,  0x20,  0xD0,
  0x00,  0x11,  0x86,  0x10,  0x02,  0x2C,  0x20,  0x5A,  0x69,  0x72,
  0x1A,  0x5F,  0x64,  0xCF,  0x01,  0x04,  0x11,  0x86,  0x10,  0x01,
  0x20,  0x16,  0x69,  0xC4,  0x01,  0x01,  0x11,  0x86,  0x11,  0x81,
  0x10,  0x01,  0x2C,  0x11,  0x82,  0x00,
  0x00,  0x10,  0xF8,  0x01,  0x48,  0x00,  0x00,  0x00,  0xFF,  0xFF,
  0xFF,  0xFF,  0xC9,  0x00,  0xCF,  0x02,  0x42,  0x03,  0xD3,  0x02,
  0x1B,  0x1E,  0x01,  0x01,  0xCE,  0x02,  0x41,  0x03,  0xD0,  0x01,
  0x2D,  0xCF,  0x04,  0x05,  0x07,  0x09,  0x0B,  0x00,  0x00,  0x00,
  0x00,  0x10,  0xF9,  0x01,  0x48,  0x00,  0x00,  0x00,  0xFF,  0xFF,
  0xFF,  0xFF,  0xCB,  0x00,  0xCF,  0x02,  0x42,  0x03,  0xD3,  0x02,
  0x1B,  0x1E,  0x01,  0x01,  0xCE,  0x02,  0x41,  0x03,  0xD0,  0x01,
  0x2D,  0xCF,  0x04,  0x04,  0x06,  0x08,  0x0A,  0x00,  0x00,  0x00,
  0x00,  0x10,  0xFA,  0x01,  0x48,  0x00,  0x00,  0x00,  0xFF,  0xFF,
  0xFF,  0xFF,  0xC9,  0x00,  0xCF,  0x02,  0x42,  0x03,  0xD3,  0x02,
  0x1B,  0x1E,  0x01,  0x01,  0xCE,  0x02,  0x41,  0x03,  0xD0,  0x01,
  0x2D,  0xCF,  0x02,  0x01,  0x03,  0xD3,  0x02,  0x2F,  0x35,  0x02,
  0x41,  0x03,  0xD0,  0x01,  0x20,  0xCF,  0x01,  0x02,  0xD0,  0x01,
  0x2D,  0xCF,  0x01,  0x02,  0x00,  0x00,
  0x00,  0x10,  0xFB,  0x01,  0x48,  0x00,  0x00,  0x00,  0xFF,  0xFF,
  0xFF,  0xFF,  0xCB,  0x00,  0xCF,  0x02,  0x42,  0x03,  0xD3,  0x02,
  0x1B,  0x1E,  0x01,  0x01,  0xCE,  0x02,  0x41,  0x03,  0xD0,  0x01,
  0x2D,  0xCF,  0x01,  0x02,  0xD3,  0x02,  0x2E,  0x34,  0x02,  0x41,
  0x03,  0xD0,  0x01,  0x20,  0xCF,  0x01,  0x02,  0xD0,  0x01,  0x2D,
  0xCF,  0x01,  0x02,  0x00,  0x00,  0x00,
  0x00,  0x10,  0x01,  0x02,  0x48,  0x00,  0x00,  0x00,  0xFF,  0xFF,
  0xFF,  0xFF,  0xD2,  0x00,  0xD0,  0x04,  0x30,  0x31,  0x31,  0x2D,
  0xD3,  0x01,  0x1F,  0x01,  0x02,  0xCF,  0x02,  0x42,  0x03,  0xD0,
  0x01,  0x2D,  0xCF,  0x01,  0x03,  0xD0,  0x01,  0x2D,  0xCF,  0x01,
  0x04,  0x00,  0x00,  0x00,
  0x00,  0x10,  0xFC,  0x01,  0x48,  0x00,  0x00,  0x00,  0xFF,  0xFF,
  0xFF,  0xFF,  0xCD,  0x00,  0xD0,  0x04,  0x30,  0x31,  0x31,  0x2D,
  0xD3,  0x01,  0x1F,  0x01,  0x02,  0xCF,  0x02,  0x42,  0x03,  0xD0,
  0x01,  0x2D,  0xCF,  0x04,  0x05,  0x07,  0x09,  0x0B,  0x00,  0x00,
  0x00,  0x10,  0xFD,  0x01,  0x48,  0x00,  0x00,  0x00,  0xFF,  0xFF,
  0xFF,  0xFF,  0xCF,  0x00,  0xD0,  0x04,  0x30,  0x31,  0x31,  0x2D,
  0xD3,  0x01,  0x1F,  0x01,  0x02,  0xCF,  0x02,  0x42,  0x03,  0xD0,
  0x01,  0x2D,  0xCF,  0x04,  0x04,  0x06,  0x08,  0x0A,  0x00,  0x00,
  0x00,  0x10,  0xFE,  0x01,  0x48,  0x00,  0x00,  0x00,  0xFF,  0xFF,
  0xFF,  0xFF,  0xCD,  0x00,  0xD0,  0x04,  0x30,  0x31,  0x31,  0x2D,
  0xD3,  0x01,  0x1F,  0x01,  0x02,  0xCF,  0x02,  0x42,  0x03,  0xD0,
  0x01,  0x2D,  0xCF,  0x02,  0x41,  0x03,  0xD3,  0x02,  0x30,  0x36,
  0x02,  0x41,  0x03,  0xD0,  0x01,  0x20,  0xCF,  0x01,  0x02,  0xD0,
  0x01,  0x2D,  0xCF,  0x01,  0x02,  0x00,
  0x00,  0x10,  0xFF,  0x01,  0x48,  0x00,  0x00,  0x00,  0xFF,  0xFF,
  0xFF,  0xFF,  0xCF,  0x00,  0xD0,  0x04,  0x30,  0x31,  0x31,  0x2D,
  0xD3,  0x01,  0x1F,  0x01,  0x02,  0xCF,  0x02,  0x42,  0x03,  0xD0,
  0x01,  0x2D,  0xCF,  0x01,  0x02,  0xD3,  0x02,  0x2F,  0x35,  0x02,
  0x41,  0x03,  0xD0,  0x01,  0x20,  0xCF,  0x01,  0x02,  0xD0,  0x01,
  0x2D,  0xCF,  0x01,  0x02,  0x00,  0x00,
  0x00,  0x10,  0x03,  0x02,  0x48,  0x00,  0x00,  0x00,  0xFF,  0xFF,
  0xFF,  0xFF,  0xC8,  0x00,  0x1A,  0x13,  0x18,  0xCF,  0x01,  0x04,
  0x11,  0x86,  0x10,  0x01,  0x20,  0x19,  0x1E,  0x24,  0xD0,  0x01,
  0x2D,  0x11,  0x86,  0x10,  0x02,  0x2C,  0x20,  0x1A,  0x2A,  0x2F,
  0xCF,  0x01,  0x04,  0x11,  0x86,  0x10,  0x01,  0x20,  0x19,  0x35,
  0x3B,  0xD0,  0x01,  0x2D,  0x11,  0x86,  0x10,  0x02,  0x2C,  0x20,
  0x1A,  0x41,  0x46,  0xCF,  0x01,  0x04,  0x11,  0x86,  0x10,  0x01,
  0x20,  0x19,  0x4C,  0x52,  0xD0,  0x01,  0x2D,  0x11,  0x86,  0x10,
  0x02,  0x2C,  0x20,  0x5A,  0x60,  0x69,  0x1A,  0x5B,  0x60,  0xCF,
  0x01,  0x04,  0x11,  0x86,  0x10,  0x01,  0x20,  0x11,  0x86,  0x11,
  0x81,  0x10,  0x01,  0x2C,  0x11,  0x82,  0x00,  0x00,
  0x00,  0x10,  0x04,  0x02,  0x48,  0x00,  0x00,  0x00,  0xFF,  0xFF,
  0xFF,  0xFF,  0xA4,  0x00,  0x19,  0x13,  0x18,  0xD0,  0x01,  0x31,
  0x10,  0x03,  0x75,  0x6E,  0x6F,  0xD3,  0x02,  0x25,  0x28,  0x01,
  0x01,  0xCE,  0x02,  0x41,  0x03,  0xCF,  0x01,  0x01,  0xC4,  0x01,
  0x01,  0x00,  0x00,  0x00,
  0x00,  0x10,  0x05,  0x02,  0x48,  0x00,  0x00,  0x00,  0xFF,  0xFF,
  0xFF,  0xFF,  0xA4,  0x00,  0x19,  0x14,  0x19,  0x90,  0x02,  0x31,
  0x20,  0x10,  0x03,  0x75,  0x6E,  0x6F,  0x00,  0x00,
  0x00,  0x00,  0x27,  0x02,  0x20,  0x00,  0x00,  0x00,  0xFF,  0xFF,
  0xFF,  0xFF,  0xEF,  0x02,  0x41,  0x1F,  0x19,  0x2B,  0x2E,  0x17,
  0x01,  0x2B,  0xD3,  0x04,  0x20,  0x23,  0x26,  0x2B,  0x01,  0x01,
  0xD0,  0x01,  0x2F,  0xD0,  0x01,  0x2D,  0xD0,  0x01,  0x2E,  0xD0,
  0x03,  0x20,  0x2E,  0x20,  0x10,  0x01,  0x2D,  0x5D,  0x05,  0x37,
  0x40,  0x40,  0xEF,  0x02,  0x41,  0x0C,  0x14,  0x40,  0x19,  0x3E,
  0x40,  0x92,  0x07,  0x12,  0x09,  0x19,  0x45,  0x48,  0x52,  0x01,
  0x10,  0x01,  0x2D,  0xCF,  0x02,  0x02,  0x04,  0x00,  0x00,  0x00,
  0x00,  0x00,  0x28,  0x02,  0x20,  0x00,  0x00,  0x00,  0xFF,  0xFF,
  0xFF,  0xFF,  0xCB,  0x01,  0x81,  0xCF,  0x01,  0x81,  0x19,  0x19,
  0x1D,  0xD0,  0x03,  0x20,  0x5F,  0x20,  0x10,  0x02,  0x2C,  0x20,
  0xCF,  0x01,  0x81,  0xCB,  0x01,  0x81,  0x00,  0x00,  0x00,  0x00,
  0x00,  0x00,  0x29,  0x02,  0x20,  0x00,  0x00,  0x00,  0xFF,  0xFF,
  0xFF,  0xFF,  0xCF,  0x02,  0x41,  0x03,  0x19,  0x15,  0x1D,  0x90,
  0x01,  0x70,  0x10,  0x06,  0x20,  0x70,  0x65,  0x6E,  0x63,  0x65,
  0x00,  0x00,
  0x00,  0x00,  0x28,  0x0F,  0x02,  0x00,  0x00,  0x00,  0xFF,  0xFF,
  0xFF,  0xFF,  0xCF,  0x01,  0x81,  0xD3,  0x03,  0x19,  0x1E,  0x23,
  0x01,  0x01,  0xF0,  0x02,  0x65,  0x72,  0xF0,  0x03,  0xE8,  0x6D,
  0x65,  0xF0,  0x03,  0xE8,  0x72,  0x65,  0x00,  0x00,  0x00,  0x00,
  0x00,  0x00,  0xC1,  0x12,  0x02,  0x00,  0x00,  0x00,  0xFF,  0xFF,
  0xFF,  0xFF,  0xEF,  0x02,  0x40,  0x18,  0xD0,  0x01,  0x68,  0xEF,
  0x02,  0x40,  0x3C,  0x00,
  0x00,  0x00,  0x86,  0x15,  0x02,  0x00,  0x00,  0x00,  0xFF,  0xFF,
  0xFF,  0xFF,  0xEF,  0x02,  0x41,  0x1F,  0x19,  0x2B,  0x2E,  0x17,
  0x01,  0x2B,  0xD3,  0x04,  0x20,  0x23,  0x26,  0x2B,  0x01,  0x01,
  0xD0,  0x01,  0x2F,  0xD0,  0x01,  0x2D,  0xD0,  0x01,  0x2E,  0xD0,
  0x03,  0x20,  0x2E,  0x20,  0x10,  0x01,  0x2D,  0x5D,  0x06,  0x37,
  0x40,  0x40,  0xEF,  0x02,  0x41,  0x0C,  0x14,  0x40,  0x19,  0x3E,
  0x40,  0x92,  0x07,  0x12,  0x09,  0x19,  0x45,  0x48,  0x52,  0x01,
  0x10,  0x01,  0x2D,  0xCF,  0x02,  0x02,  0x04,  0x00,  0x00,  0x00,
  0x00,  0x00,  0x30,  0x0C,  0x02,  0x00,  0x00,  0x00,  0xFF,  0xFF,
  0xFF,  0xFF,  0x15,  0x31,  0x17,  0x01,  0x22,  0x5D,  0x06,  0x19,
  0x22,  0x22,  0xEF,  0x02,  0x41,  0x0C,  0x14,  0x22,  0x19,  0x20,
  0x22,  0x92,  0x07,  0x12,  0x09,  0x17,  0x02,  0x31,  0xD3,  0x02,
  0x2E,  0x31,  0x01,  0x01,  0xD0,  0x01,  0x2F,  0xD0,  0x01,  0x2D,
  0xEF,  0x02,  0x41,  0x1F,  0x19,  0x3A,  0x42,  0x52,  0x02,  0x10,
  0x01,  0x2D,  0x12,  0x01,  0x10,  0x01,  0x2D,  0xCF,  0x02,  0x02,
  0x04,  0x00,
  0x00,  0x00,  0xE1,  0x79,  0x02,  0x00,  0x00,  0x00,  0xFF,  0xFF,
  0xFF,  0xFF,  0xEF,  0x02,  0x41,  0x1F,  0x19,  0x2B,  0x2E,  0x17,
  0x01,  0x2B,  0xD3,  0x04,  0x20,  0x23,  0x26,  0x2B,  0x01,  0x01,
  0xD0,  0x01,  0x2F,  0xD0,  0x01,  0x2D,  0xD0,  0x01,  0x2E,  0xD0,
  0x03,  0x20,  0x2E,  0x20,  0x10,  0x01,  0x2D,  0x5D,  0x17,  0x37,
  0x40,  0x40,  0x82,  0x01,  0x46,  0x81,  0x14,  0x40,  0x19,  0x3E,
  0x40,  0x92,  0x07,  0x12,  0x09,  0x16,  0x4E,  0x19,  0x47,  0x4A,
  0x52,  0x01,  0x10,  0x01,  0x2D,  0xCF,  0x02,  0x02,  0x04,  0x00,
  0x00,  0x10,  0xE2,  0x79,  0x02,  0x00,  0x00,  0x00,  0xFF,  0xFF,
  0xFF,  0xFF,  0x71,  0x00,  0x82,  0x01,  0x15,  0x80,  0x19,  0x17,
  0x1A,  0x50,  0x01,  0xC7,  0x10,  0x01,  0xE7,  0xC2,  0x01,  0x80,
  0x00,  0x00,
  0x00,  0x10,  0x34,  0x01,  0x21,  0x00,  0x00,  0x00,  0xFF,  0xFF,
  0xFF,  0xFF,  0x73,  0x00,  0x15,  0x16,  0x17,  0x01,  0x16,  0xEF,
  0x02,  0x41,  0x1F,  0xCE,  0x01,  0x81,  0x16,  0x1D,  0xD1,  0x83,
  0x5A,  0x38,  0x3D,  0x5D,  0x13,  0x2B,  0x31,  0x31,  0xCB,  0x01,
  0x01,  0xC6,  0x01,  0x02,  0x14,  0x31,  0x14,  0x31,  0x92,  0x07,
  0x15,  0x38,  0x16,  0x38,  0x10,  0x01,  0x2E,  0x10,  0x01,  0x20,
  0x12,  0x01,  0x00,  0x00,
  0x00,  0x00,  0x35,  0x01,  0x21,  0x00,  0x00,  0x00,  0xFF,  0xFF,
  0xFF,  0xFF,  0x15,  0x7C,  0x17,  0x01,  0x74,  0xD3,  0x0C,  0x27,
  0x2E,  0x35,  0x3C,  0x43,  0x4A,  0x51,  0x58,  0x5F,  0x66,  0x6D,
  0x74,  0x01,  0x01,  0xD0,  0x01,  0x4A,  0xF0,  0x02,  0x61,  0x6E,
  0xD0,  0x01,  0x46,  0xF0,  0x02,  0x65,  0x62,  0xD0,  0x01,  0x4D,
  0xF0,  0x02,  0x61,  0x72,  0xD0,  0x01,  0x41,  0xF0,  0x02,  0x70,
  0x72,  0xD0,  0x01,  0x4D,  0xF0,  0x02,  0x61,  0x79,  0xD0,  0x01,
  0x4A,  0xF0,  0x02,  0x75,  0x6E,  0xD0,  0x01,  0x4A,  0xF0,  0x02,
  0x75,  0x6C,  0xD0,  0x01,  0x41,  0xF0,  0x02,  0x75,  0x67,  0xD0,
  0x01,  0x53,  0xF0,  0x02,  0x65,  0x70,  0xD0,  0x01,  0x4F,  0xF0,
  0x02,  0x63,  0x74,  0xD0,  0x01,  0x4E,  0xF0,  0x02,  0x6F,  0x76,
  0xD0,  0x01,  0x44,  0xF0,  0x02,  0x65,  0x63,  0x16,  0x79,  0xD0,
  0x01,  0x2E,  0xCE,  0x01,  0x81,  0x5A,  0x83,  0x88,  0xEF,  0x02,
  0x41,  0x1F,  0x10,  0x01,  0x2D,  0x12,  0x01,  0x16,  0x9C,  0x19,
  0x95,  0x98,  0x16,  0x92,  0xD0,  0x01,  0x2C,  0xCE,  0x01,  0x01,
  0x10,  0x01,  0x2D,  0xCF,  0x02,  0x02,  0x04,  0x00,  0x00,  0x00,
  0x00,  0x00,  0x36,  0x01,  0x21,  0x00,  0x00,  0x00,  0xFF,  0xFF,
  0xFF,  0xFF,  0x5D,  0x14,  0x16,  0x1C,  0x1C,  0xCB,  0x01,  0x01,
  0xC6,  0x01,  0x81,  0x14,  0x1C,  0x14,  0x1C,  0x92,  0x07,  0xCE,
  0x01,  0x81,  0x5A,  0x26,  0x2A,  0xEF,  0x02,  0x4B,  0x0D,  0x10,
  0x02,  0x74,  0x68,  0x16,  0x2F,  0x90,  0x01,  0x2C,  0x00,  0x00,
  0x00,  0x00,
  0x00,  0x00,  0x37,  0x01,  0x21,  0x00,  0x00,  0x00,  0xFF,  0xFF,
  0xFF,  0xFF,  0x5D,  0x14,  0x16,  0x1C,  0x1C,  0xCB,  0x01,  0x01,
  0xC6,  0x01,  0x81,  0x14,  0x1C,  0x14,  0x1C,  0x92,  0x07,  0xCE,
  0x01,  0x81,  0xDA,  0x30,  0x58,  0x09,  0x34,  0x38,  0x3C,  0x40,
  0x44,  0x48,  0x4C,  0x50,  0x54,  0xEF,  0x02,  0x41,  0x1F,  0x10,
  0x02,  0x74,  0x68,  0x10,  0x02,  0x73,  0x74,  0x10,  0x02,  0x6E,
  0x64,  0x10,  0x02,  0x72,  0x64,  0x10,  0x02,  0x74,  0x68,  0x10,
  0x02,  0x74,  0x68,  0x10,  0x02,  0x74,  0x68,  0x10,  0x02,  0x74,
  0x68,  0x10,  0x02,  0x74,  0x68,  0x10,  0x02,  0x74,  0x68,  0x16,
  0x5D,  0x90,  0x01,  0x2C,  0x00,  0x00,
  0x00,  0x00,  0x3D,  0x01,  0x01,  0x00,  0x00,  0x00,  0x08,  0x00,
  0x00,  0x00,  0xEF,  0x02,  0x41,  0x1F,  0x19,  0x2B,  0x2E,  0x17,
  0x01,  0x2B,  0xD3,  0x04,  0x20,  0x23,  0x26,  0x2B,  0x01,  0x01,
  0xD0,  0x01,  0x2F,  0xD0,  0x01,  0x2D,  0xD0,  0x01,  0x2E,  0xD0,
  0x03,  0x20,  0x2E,  0x20,  0x10,  0x01,  0x2D,  0x5D,  0x05,  0x37,
  0x40,  0x40,  0xEF,  0x02,  0x41,  0x0C,  0x14,  0x40,  0x19,  0x3E,
  0x40,  0x92,  0x07,  0x12,  0x09,  0x19,  0x45,  0x48,  0x52,  0x01,
  0x10,  0x01,  0x2D,  0xCF,  0x02,  0x02,  0x04,  0x00,  0x00,  0x00,
  0x00,  0x00,  0x3E,  0x01,  0xFF,  0xFF,  0xFF,  0xFF,  0xFF,  0xFF,
  0xFF,  0xFF,  0xEF,  0x02,  0x41,  0x1F,  0x19,  0x2B,  0x2E,  0x17,
  0x01,  0x2B,  0xD3,  0x04,  0x20,  0x23,  0x26,  0x2B,  0x01,  0x01,
  0xD0,  0x01,  0x2F,  0xD0,  0x01,  0x2D,  0xD0,  0x01,  0x2E,  0xD0,
  0x03,  0x20,  0x2E,  0x20,  0x10,  0x01,  0x2D,  0x5D,  0x14,  0x37,
  0x40,  0x40,  0x82,  0x01,  0x46,  0x81,  0x14,  0x40,  0x19,  0x3E,
  0x40,  0x92,  0x07,  0x12,  0x09,  0x16,  0x4E,  0x19,  0x47,  0x4A,
  0x52,  0x01,  0x10,  0x01,  0x2D,  0xCF,  0x02,  0x02,  0x04,  0x00,
  0x00,  0x00,  0x38,  0x01,  0x01,  0x00,  0x00,  0x00,  0xFF,  0xFF,
  0xFF,  0xFF,  0x15,  0x31,  0x17,  0x01,  0x22,  0x5D,  0x05,  0x19,
  0x22,  0x22,  0xEF,  0x02,  0x41,  0x0C,  0x14,  0x22,  0x19,  0x20,
  0x22,  0x92,  0x07,  0x12,  0x09,  0x17,  0x02,  0x31,  0xD3,  0x02,
  0x2E,  0x31,  0x01,  0x01,  0xD0,  0x01,  0x2F,  0xD0,  0x01,  0x2D,
  0xEF,  0x02,  0x41,  0x1F,  0x19,  0x3A,  0x42,  0x52,  0x02,  0x10,
  0x01,  0x2D,  0x12,  0x01,  0x10,  0x01,  0x2D,  0xCF,  0x02,  0x02,
  0x04,  0x00,
  0x00,  0x00,  0x47,  0x01,  0x21,  0x00,  0x00,  0x00,  0xFF,  0xFF,
  0xFF,  0xFF,  0x5A,  0x45,  0x4F,  0x5D,  0x02,  0x16,  0x1F,  0x1F,
  0xCB,  0x01,  0x02,  0x14,  0x1F,  0x19,  0x1D,  0x1F,  0x92,  0x07,
  0x12,  0x09,  0xCE,  0x02,  0x41,  0x04,  0x1A,  0x29,  0x2C,  0xCF,
  0x01,  0x05,  0x10,  0x01,  0x20,  0x16,  0x45,  0x19,  0x34,  0x3C,
  0xD0,  0x01,  0x2D,  0x10,  0x06,  0x20,  0x64,  0x61,  0x73,  0x68,
  0x20,  0x1A,  0x42,  0x45,  0xCF,  0x01,  0x04,  0x10,  0x01,  0x20,
  0x10,  0x01,  0x20,  0x11,  0x81,  0x10,  0x01,  0x2C,  0x11,  0x82,
  0x00,  0x00,  0x00,  0x00,
  0x00,  0x00,  0x48,  0x01,  0x21,  0x00,  0x00,  0x00,  0xF7,  0xFF,
  0xFF,  0xFF,  0xC2,  0x01,  0x80,  0x3A,  0x14,  0x17,  0xCF,  0x01,
  0x81,  0x10,  0x01,  0x20,  0x19,  0x1F,  0x28,  0xD0,  0x03,  0x20,
  0x2E,  0x20,  0x10,  0x07,  0x20,  0x70,  0x6F,  0x69,  0x6E,  0x74,
  0x20,  0x5A,  0x2E,  0x31,  0xCF,  0x01,  0x81,  0x10,  0x01,  0x20,
  0x16,  0x39,  0xC2,  0x01,  0x01,  0x4E,  0x81,  0x80,  0x00,  0x00,
  0x00,  0x00,  0x4A,  0x01,  0xFF,  0xFF,  0xFF,  0xFF,  0xFF,  0xFF,
  0xFF,  0xFF,  0xD3,  0x03,  0x18,  0x20,  0x28,  0x01,  0x01,  0xF0,
  0x04,  0x64,  0x6F,  0x74,  0x20,  0xF0,  0x06,  0x50,  0x75,  0x6E,
  0x6B,  0x74,  0x20,  0xF0,  0x06,  0x70,  0x75,  0x6E,  0x74,  0x6F,
  0x20,  0xC2,  0x01,  0x02,  0x00,  0x00,  0x00,  0x00,
  0x00,  0x10,  0x53,  0x01,  0x01,  0x00,  0x00,  0x00,  0xFF,  0xFF,
  0xFF,  0xFF,  0x80,  0x00,  0x19,  0x14,  0x21,  0xD0,  0x02,  0x2E,
  0x20,  0x11,  0x81,  0x10,  0x04,  0x64,  0x27,  0x61,  0x74,  0x11,
  0x82,  0x10,  0x01,  0x20,  0xD3,  0x02,  0x2A,  0x2D,  0x01,  0x81,
  0xC2,  0x01,  0x01,  0xCF,  0x01,  0x01,  0x00,  0x00,
  0x00,  0x10,  0x3F,  0x0D,  0x20,  0x00,  0x00,  0x00,  0xFF,  0xFF,
  0xFF,  0xFF,  0x80,  0x00,  0x19,  0x14,  0x21,  0xD0,  0x02,  0x2E,
  0x20,  0x11,  0x81,  0x10,  0x04,  0x64,  0x27,  0x42,  0x74,  0x11,
  0x82,  0x10,  0x01,  0x20,  0xD3,  0x02,  0x2A,  0x2D,  0x01,  0x81,
  0xC2,  0x01,  0x01,  0xCF,  0x01,  0x01,  0x00,  0x00,
  0x00,  0x10,  0x54,  0x01,  0x04,  0x00,  0x00,  0x00,  0xFF,  0xFF,
  0xFF,  0xFF,  0x80,  0x00,  0x19,  0x14,  0x23,  0xD0,  0x02,  0x2E,
  0x20,  0x11,  0x81,  0x10,  0x06,  0x27,  0x70,  0x55,  0x47,  0x6B,
  0x74,  0x11,  0x82,  0x10,  0x01,  0x20,  0xD3,  0x02,  0x2C,  0x2F,
  0x01,  0x81,  0xC2,  0x01,  0x01,  0xCF,  0x01,  0x01,  0x00,  0x00,
  0x00,  0x00,
  0x00,  0x10,  0x55,  0x01,  0x08,  0x00,  0x00,  0x00,  0xFF,  0xFF,
  0xFF,  0xFF,  0x80,  0x00,  0x19,  0x14,  0x24,  0xD0,  0x02,  0x2E,
  0x20,  0x11,  0x81,  0x10,  0x07,  0x70,  0x27,  0x75,  0x6E,  0x2D,
  0x74,  0x6F,  0x11,  0x82,  0x10,  0x01,  0x20,  0xD3,  0x02,  0x2D,
  0x30,  0x01,  0x81,  0xC2,  0x01,  0x01,  0xCF,  0x01,  0x01,  0x00,
  0x00,  0x00,
  0x40,  0x10,  0x56,  0x01,  0x21,  0x00,  0x00,  0x00,  0xFF,  0xFF,
  0xFF,  0xFF,  0xC3,  0x00,  0xC5,  0x01,  0x06,  0x42,  0x01,  0x81,
  0x00,  0x00,  0x00,  0x00,
  0x40,  0x00,  0x59,  0x01,  0x21,  0x00,  0x00,  0x00,  0xFF,  0xFF,
  0xFF,  0xFF,  0x5D,  0x07,  0x13,  0x1C,  0x1C,  0xC2,  0x01,  0x06,
  0x14,  0x1C,  0x19,  0x1A,  0x1C,  0x92,  0x07,  0x12,  0x09,  0x05,
  0x01,  0x21,  0x81,  0x4C,  0x01,  0x01,  0x42,  0x02,  0x42,  0x80,
  0x00,  0x00,  0x00,  0x00,
  0x40,  0x00,  0x5A,  0x01,  0x21,  0x00,  0x00,  0x00,  0xFF,  0xFF,
  0xFF,  0xFF,  0x5D,  0x08,  0x13,  0x1C,  0x1C,  0xC2,  0x01,  0x05,
  0x14,  0x1C,  0x19,  0x1A,  0x1C,  0x92,  0x07,  0x12,  0x09,  0x05,
  0x01,  0x21,  0x81,  0x4C,  0x01,  0x01,  0x42,  0x02,  0x42,  0x80,
  0x00,  0x00,  0x00,  0x00,
  0x40,  0x00,  0x5B,  0x01,  0x21,  0x00,  0x00,  0x00,  0xFF,  0xFF,
  0xFF,  0xFF,  0x5D,  0x09,  0x13,  0x1C,  0x1C,  0xC2,  0x01,  0x04,
  0x14,  0x1C,  0x19,  0x1A,  0x1C,  0x92,  0x07,  0x12,  0x09,  0x05,
  0x01,  0x21,  0x81,  0x4C,  0x01,  0x01,  0x42,  0x02,  0x42,  0x80,
  0x00,  0x00,  0x00,  0x00,
  0x40,  0x00,  0x61,  0x01,  0x21,  0x00,  0x00,  0x00,  0xFF,  0xFF,
  0xFF,  0xFF,  0xF0,  0x04,  0x62,  0x69,  0x67,  0x67,  0xC2,  0x02,
  0x42,  0x80,  0x00,  0x00,
  0x40,  0x00,  0x5C,  0x01,  0x21,  0x00,  0x00,  0x00,  0xFF,  0xFF,
  0xFF,  0xFF,  0x5D,  0x0A,  0x13,  0x1C,  0x1C,  0xC2,  0x01,  0x03,
  0x14,  0x1C,  0x19,  0x1A,  0x1C,  0x92,  0x07,  0x12,  0x09,  0x45,
  0x01,  0x01,  0x42,  0x02,  0x42,  0x80,  0x00,  0x00,  0x00,  0x00,
  0x40,  0x00,  0x5D,  0x01,  0x21,  0x00,  0x00,  0x00,  0xFF,  0xFF,
  0xFF,  0xFF,  0x5D,  0x0B,  0x13,  0x1C,  0x1C,  0xC2,  0x01,  0x02,
  0x14,  0x1C,  0x19,  0x1A,  0x1C,  0x92,  0x07,  0x12,  0x09,  0x42,
  0x02,  0x42,  0x80,  0x00,  0x00,  0x00,
  0x40,  0x00,  0x5E,  0x01,  0x21,  0x00,  0x00,  0x00,  0xFF,  0xFF,
  0xFF,  0xFF,  0x82,  0x01,  0x10,  0x80,  0x4C,  0x01,  0x01,  0x02,
  0x01,  0x17,  0x80,  0x45,  0x01,  0x01,  0x5D,  0x0D,  0x21,  0x2A,
  0x2A,  0x42,  0x01,  0x04,  0x14,  0x2A,  0x19,  0x28,  0x2A,  0x92,
  0x07,  0x12,  0x09,  0x00,
  0x40,  0x00,  0x5F,  0x01,  0x21,  0x00,  0x00,  0x00,  0xFF,  0xFF,
  0xFF,  0xFF,  0x82,  0x01,  0x10,  0x80,  0x4C,  0x01,  0x01,  0x02,
  0x01,  0x17,  0x80,  0x45,  0x01,  0x01,  0x5D,  0x0C,  0x21,  0x2A,
  0x2A,  0x42,  0x01,  0x05,  0x14,  0x2A,  0x19,  0x28,  0x2A,  0x92,
  0x07,  0x12,  0x09,  0x00,
  0x40,  0x00,  0x60,  0x01,  0x21,  0x00,  0x00,  0x00,  0xFF,  0xFF,
  0xFF,  0xFF,  0x19,  0x13,  0x21,  0xF0,  0x03,  0x61,  0x61,  0x61,
  0x10,  0x0C,  0x65,  0x79,  0x68,  0x20,  0x65,  0x79,  0x68,  0x20,
  0x65,  0x79,  0x68,  0x20,  0xC5,  0x01,  0x01,  0x42,  0x01,  0x81,
  0x00,  0x00,  0x00,  0x00,
  0x00,  0x10,  0x7F,  0x0E,  0x21,  0x00,  0x00,  0x00,  0xFF,  0xFF,
  0xFF,  0xFF,  0xA4,  0x00,  0x5D,  0x18,  0x18,  0x21,  0x21,  0xCB,
  0x01,  0x01,  0xC6,  0x01,  0x02,  0x14,  0x21,  0x19,  0x1F,  0x21,
  0x92,  0x07,  0x12,  0x09,  0x16,  0x28,  0x15,  0x28,  0x50,  0x01,
  0x2E,  0xCE,  0x01,  0x81,  0x5D,  0x13,  0x36,  0x3C,  0x3C,  0xCB,
  0x01,  0x01,  0xC6,  0x01,  0x02,  0x14,  0x3C,  0x14,  0x3C,  0x92,
  0x07,  0x16,  0x41,  0x10,  0x01,  0x2E,  0x00,  0x00,
  0x00,  0x10,  0x80,  0x0E,  0x21,  0x00,  0x00,  0x00,  0xFF,  0xFF,
  0xFF,  0xFF,  0xA4,  0x00,  0x5D,  0x18,  0x18,  0x21,  0x21,  0xCB,
  0x01,  0x01,  0xC6,  0x01,  0x02,  0x14,  0x21,  0x19,  0x1F,  0x21,
  0x92,  0x07,  0x12,  0x09,  0x16,  0x28,  0x15,  0x28,  0x50,  0x01,
  0x2E,  0xCE,  0x01,  0x81,  0x5D,  0x14,  0x37,  0x3D,  0x3D,  0xCB,
  0x01,  0x01,  0x86,  0x01,  0x40,  0x81,  0x14,  0x3D,  0x14,  0x3D,
  0x92,  0x07,  0x16,  0x42,  0x10,  0x01,  0x2E,  0x00,
  0x00,  0x00,  0x73,  0x01,  0x21,  0x00,  0x00,  0x00,  0xFF,  0xFF,
  0xFF,  0xFF,  0x5D,  0x18,  0x16,  0x1F,  0x1F,  0xCB,  0x01,  0x01,
  0xC6,  0x01,  0x02,  0x14,  0x1F,  0x19,  0x1D,  0x1F,  0x92,  0x07,
  0x12,  0x09,  0x15,  0x24,  0x10,  0x01,  0x2E,  0x00,  0x00,  0x00,
  0x00,  0x00,  0x74,  0x01,  0x21,  0x00,  0x00,  0x00,  0xFF,  0xFF,
  0xFF,  0xFF,  0x16,  0x10,  0xD0,  0x01,  0x28,  0x5D,  0x19,  0x18,
  0x21,  0x21,  0xCB,  0x01,  0x03,  0x14,  0x21,  0x19,  0x1F,  0x21,
  0x92,  0x07,  0x12,  0x09,  0x16,  0x26,  0x10,  0x01,  0x29,  0x00,
  0x00,  0x00,  0xA7,  0x0E,  0x21,  0x00,  0x00,  0x00,  0xFF,  0xFF,
  0xFF,  0xFF,  0x5D,  0x10,  0x14,  0x1D,  0x1D,  0x82,  0x01,  0x20,
  0x81,  0x14,  0x1D,  0x19,  0x1B,  0x1D,  0x92,  0x07,  0x12,  0x09,
  0x15,  0x22,  0x10,  0x01,  0x2E,  0x00,
  0x00,  0x00,  0x77,  0x01,  0x21,  0x00,  0x00,  0x00,  0xFF,  0xFF,
  0xFF,  0xFF,  0x5D,  0x11,  0x14,  0x1D,  0x1D,  0x82,  0x01,  0x22,
  0x81,  0x14,  0x1D,  0x19,  0x1B,  0x1D,  0x92,  0x07,  0x12,  0x09,
  0x16,  0x24,  0x15,  0x24,  0x10,  0x01,  0x2E,  0x00,  0x00,  0x00,
  0x00,  0x00,  0x78,  0x01,  0x01,  0x00,  0x00,  0x00,  0xFF,  0xFF,
  0xFF,  0xFF,  0xD1,  0x81,  0xD0,  0x04,  0x64,  0x27,  0x61,  0x74,
  0xD1,  0x82,  0xD0,  0x01,  0x20,  0xD3,  0x06,  0x27,  0x2C,  0x31,
  0x36,  0x3B,  0x41,  0x01,  0x01,  0xD0,  0x03,  0x63,  0x6F,  0x6D,
  0xD0,  0x03,  0x6F,  0x72,  0x67,  0xD0,  0x03,  0x6E,  0x65,  0x74,
  0xD0,  0x03,  0x6D,  0x69,  0x6C,  0xD0,  0x03,  0x62,  0x69,  0x7A,
  0xD0,  0x04,  0x69,  0x6E,  0x66,  0x6F,  0x16,  0x4B,  0xD0,  0x03,
  0x20,  0x3A,  0x20,  0xCF,  0x01,  0x81,  0x19,  0x51,  0x56,  0x90,
  0x01,  0x2F,  0x10,  0x03,  0x20,  0x2F,  0x20,  0x00,
  0x00,  0x00,  0xB1,  0x0E,  0x20,  0x00,  0x00,  0x00,  0xFF,  0xFF,
  0xFF,  0xFF,  0xD1,  0x81,  0xD0,  0x04,  0x64,  0x27,  0x42,  0x74,
  0xD1,  0x82,  0xD0,  0x01,  0x20,  0xD3,  0x06,  0x27,  0x2C,  0x31,
  0x36,  0x3B,  0x41,  0x01,  0x01,  0xD0,  0x03,  0x63,  0x6F,  0x6D,
  0xD0,  0x03,  0x6F,  0x72,  0x67,  0xD0,  0x03,  0x6E,  0x65,  0x74,
  0xD0,  0x03,  0x6D,  0x69,  0x6C,  0xD0,  0x03,  0x62,  0x69,  0x7A,
  0xD0,  0x04,  0x69,  0x6E,  0x66,  0x6F,  0x16,  0x4B,  0xD0,  0x03,
  0x20,  0x3A,  0x20,  0xCF,  0x01,  0x81,  0x19,  0x51,  0x56,  0x90,
  0x01,  0x2F,  0x10,  0x03,  0x20,  0x2F,  0x20,  0x00,
  0x00,  0x00,  0x79,  0x01,  0x01,  0x00,  0x00,  0x00,  0xFF,  0xFF,
  0xFF,  0xFF,  0xD1,  0x81,  0xD0,  0x04,  0x64,  0x27,  0x61,  0x74,
  0xD1,  0x82,  0xD0,  0x01,  0x20,  0x1A,  0x1F,  0x22,  0xC2,  0x02,
  0x42,  0x03,  0x10,  0x01,  0x20,  0x16,  0x2C,  0xD0,  0x03,  0x20,
  0x3A,  0x20,  0xCF,  0x01,  0x81,  0xD0,  0x01,  0x2F,  0xC2,  0x01,
  0x81,  0x00,
  0x00,  0x00,  0xBB,  0x0E,  0x20,  0x00,  0x00,  0x00,  0xFF,  0xFF,
  0xFF,  0xFF,  0xD1,  0x81,  0xD0,  0x04,  0x64,  0x27,  0x42,  0x74,
  0xD1,  0x82,  0xD0,  0x01,  0x20,  0x1A,  0x1F,  0x22,  0xC2,  0x02,
  0x42,  0x03,  0x10,  0x01,  0x20,  0x16,  0x2C,  0xD0,  0x03,  0x20,
  0x3A,  0x20,  0xCF,  0x01,  0x81,  0xD0,  0x01,  0x2F,  0xC2,  0x01,
  0x81,  0x00,
  0x00,  0x00,  0x7A,  0x01,  0x21,  0x00,  0x00,  0x00,  0xFF,  0xFF,
  0xFF,  0xFF,  0xD1,  0x81,  0xD0,  0x04,  0x64,  0x27,  0x61,  0x74,
  0xD1,  0x82,  0xD0,  0x01,  0x20,  0x1A,  0x1E,  0x21,  0xC2,  0x01,
  0x02,  0x10,  0x01,  0x20,  0x00,  0x00,
  0x00,  0x00,  0x7B,  0x01,  0x04,  0x00,  0x00,  0x00,  0xFF,  0xFF,
  0xFF,  0xFF,  0xD1,  0x81,  0xD0,  0x06,  0x27,  0x70,  0x55,  0x47,
  0x6B,  0x74,  0xD1,  0x82,  0xD0,  0x01,  0x20,  0x1A,  0x20,  0x23,
  0xC2,  0x01,  0x02,  0x10,  0x01,  0x20,  0x00,  0x00,  0x00,  0x00,
  0x00,  0x00,  0x7C,  0x01,  0x48,  0x00,  0x00,  0x00,  0xFF,  0xFF,
  0xFF,  0xFF,  0xD1,  0x81,  0xD0,  0x07,  0x70,  0x27,  0x75,  0x6E,
  0x2D,  0x74,  0x6F,  0xD1,  0x82,  0xD0,  0x01,  0x20,  0x1A,  0x21,
  0x24,  0xC2,  0x01,  0x02,  0x10,  0x01,  0x20,  0x00,  0x00,  0x00,
  0x00,  0x00,  0x7D,  0x01,  0x21,  0x00,  0x00,  0x00,  0xFF,  0xFF,
  0xFF,  0xFF,  0xD1,  0x81,  0xD0,  0x04,  0x64,  0x27,  0x61,  0x74,
  0xD1,  0x82,  0xD0,  0x01,  0x20,  0x1A,  0x2B,  0x2E,  0xD3,  0x02,
  0x26,  0x2B,  0x01,  0x01,  0xD0,  0x03,  0x65,  0x64,  0x75,  0xD0,
  0x03,  0x67,  0x6F,  0x76,  0x10,  0x01,  0x20,  0x00,
  0x00,  0x00,  0x7E,  0x01,  0x04,  0x00,  0x00,  0x00,  0xFF,  0xFF,
  0xFF,  0xFF,  0xD1,  0x81,  0xD0,  0x06,  0x27,  0x70,  0x55,  0x47,
  0x6B,  0x74,  0xD1,  0x82,  0xD0,  0x01,  0x20,  0x1A,  0x2D,  0x30,
  0xD3,  0x02,  0x28,  0x2D,  0x01,  0x01,  0xD0,  0x03,  0x65,  0x64,
  0x75,  0xD0,  0x03,  0x67,  0x6F,  0x76,  0x10,  0x01,  0x20,  0x00,
  0x00,  0x00,
  0x00,  0x00,  0x7F,  0x01,  0x48,  0x00,  0x00,  0x00,  0xFF,  0xFF,
  0xFF,  0xFF,  0xD1,  0x81,  0xD0,  0x07,  0x70,  0x27,  0x75,  0x6E,
  0x2D,  0x74,  0x6F,  0xD1,  0x82,  0xD0,  0x01,  0x20,  0x1A,  0x2E,
  0x31,  0xD3,  0x02,  0x29,  0x2E,  0x01,  0x01,  0xD0,  0x03,  0x65,
  0x64,  0x75,  0xD0,  0x03,  0x67,  0x6F,  0x76,  0x10,  0x01,  0x20,
  0x00,  0x00,
  0x00,  0x00,  0x80,  0x01,  0x21,  0x00,  0x00,  0x00,  0xFF,  0xFF,
  0xFF,  0xFF,  0xCF,  0x01,  0x81,  0xCE,  0x01,  0x81,  0x16,  0x15,
  0xD1,  0x83,  0x5D,  0x12,  0x1F,  0x28,  0x28,  0x8B,  0x02,  0x2D,
  0x41,  0x02,  0x14,  0x28,  0x19,  0x26,  0x28,  0x92,  0x07,  0x12,
  0x09,  0x16,  0x2F,  0x15,  0x2F,  0x10,  0x01,  0x2E,  0x00,  0x00,
  0x00,  0x00,
  0x00,  0x00,  0x83,  0x01,  0x21,  0x00,  0x00,  0x00,  0xFF,  0xFF,
  0xFF,  0xFF,  0xCB,  0x01,  0x01,  0x42,  0x01,  0x81,  0xCE,  0x01,
  0x81,  0x5D,  0x1A,  0x1D,  0x26,  0x26,  0xCB,  0x02,  0x41,  0x05,
  0x14,  0x26,  0x19,  0x24,  0x26,  0x92,  0x07,  0x12,  0x09,  0x00,
  0x40,  0x00,  0x2F,  0x0F,  0xFF,  0xFF,  0xFF,  0xFF,  0xFF,  0xFF,
  0xFF,  0xFF,  0xC2,  0x01,  0x81,  0x19,  0x14,  0x17,  0xD0,  0x01,
  0x2F,  0x10,  0x01,  0x20,  0xC2,  0x01,  0x81,  0x00,
  0x40,  0x10,  0x84,  0x01,  0xFF,  0xFF,  0xFF,  0xFF,  0xFF,  0xFF,
  0xFF,  0xFF,  0xD6,  0x00,  0xD3,  0x02,  0x16,  0x19,  0x01,  0x01,
  0xC2,  0x01,  0x81,  0xCF,  0x01,  0x81,  0x19,  0x1F,  0x24,  0xD0,
  0x01,  0x2F,  0x10,  0x03,  0x20,  0x2F,  0x20,  0x82,  0x01,  0x29,
  0x81,  0x4E,  0x81,  0x80,  0x00,  0x00,  0x00,  0x00,
  0x00,  0x00,  0x85,  0x01,  0x21,  0x00,  0x00,  0x00,  0xFF,  0xFF,
  0xFF,  0xFF,  0xCF,  0x01,  0x81,  0xD3,  0x05,  0x1B,  0x1E,  0x22,
  0x26,  0x2A,  0x01,  0x01,  0xF0,  0x02,  0x73,  0x74,  0xF0,  0x01,
  0x73,  0xF0,  0x02,  0x6E,  0x64,  0xF0,  0x02,  0x72,  0x64,  0xF0,
  0x02,  0x74,  0x68,  0x00,
  0x40,  0x10,  0x86,  0x01,  0xFF,  0xFF,  0xFF,  0xFF,  0xFF,  0xFF,
  0xFF,  0xFF,  0xA4,  0x00,  0x5A,  0x13,  0x16,  0xCF,  0x01,  0x81,
  0x10,  0x01,  0x20,  0xC2,  0x01,  0x01,  0x4E,  0x81,  0x80,  0x00,
  0x00,  0x00,
  0x00,  0x00,  0x3C,  0x0F,  0x04,  0x00,  0x00,  0x00,  0xFF,  0xFF,
  0xFF,  0xFF,  0xD3,  0x03,  0x15,  0x18,  0x1B,  0x01,  0x01,  0xD0,
  0x01,  0x73,  0xD0,  0x01,  0x6D,  0xD0,  0x01,  0x77,  0xD0,  0x01,
  0x31,  0x16,  0x23,  0x90,  0x01,  0x2E,  0x00,  0x00,  0x00,  0x00,
  0x40,  0x10,  0x87,  0x01,  0xFF,  0xFF,  0xFF,  0xFF,  0xFF,  0xFF,
  0xFF,  0xFF,  0xA4,  0x00,  0x5A,  0x13,  0x16,  0xC2,  0x01,  0x81,
  0x10,  0x01,  0x20,  0xCF,  0x01,  0x01,  0x4E,  0x81,  0x80,  0x00,
  0x00,  0x00,
  0x40,  0x00,  0x88,  0x01,  0xFF,  0xFF,  0xFF,  0xFF,  0xFF,  0xFF,
  0xFF,  0xFF,  0xD0,  0x02,  0x4D,  0x63,  0xCB,  0x01,  0x01,  0x86,
  0x01,  0x17,  0x81,  0x42,  0x01,  0x80,  0x00,  0x00,
  0x00,  0x00,  0x8D,  0x01,  0xFF,  0xFF,  0xFF,  0xFF,  0xFF,  0xFF,
  0xFF,  0xFF,  0xCA,  0x01,  0x01,  0x00,
  0x00,  0x00,  0x8F,  0x01,  0xFF,  0xFF,  0xFF,  0xFF,  0xFF,  0xFF,
  0xFF,  0xFF,  0x14,  0x10,  0xC2,  0x01,  0x81,  0x00,  0x00,  0x00,
  0x00,  0x00,  0xCC,  0x00,  0x6F,  0x00,  0x00,  0x00,  0xFF,  0xFF,
  0xFF,  0xFF,  0x16,  0x1A,  0xD0,  0x01,  0x31,  0x19,  0x16,  0x1A,
  0xD0,  0x01,  0x2D,  0x10,  0x02,  0x2C,  0x20,  0x1A,  0x20,  0x23,
  0xCF,  0x01,  0x03,  0x10,  0x01,  0x20,  0x19,  0x29,  0x2D,  0xD0,
  0x01,  0x2D,  0x10,  0x02,  0x2C,  0x20,  0x1A,  0x37,  0x3A,  0xEF,
  0x02,  0x42,  0x09,  0x4F,  0x01,  0x02,  0x10,  0x01,  0x20,  0x19,
  0x40,  0x44,  0xD0,  0x01,  0x2D,  0x10,  0x02,  0x2C,  0x20,  0x5A,
  0x55,  0x5C,  0x1A,  0x4D,  0x50,  0xCF,  0x01,  0x04,  0x10,  0x01,
  0x20,  0x16,  0x55,  0xC4,  0x01,  0x01,  0x11,  0x81,  0x10,  0x01,
  0x2C,  0x11,  0x82,  0x00,  0x00,  0x00,
  0x00,  0x00,  0xCD,  0x00,  0x6F,  0x00,  0x00,  0x00,  0xFF,  0xFF,
  0xFF,  0xFF,  0x16,  0x1B,  0xD0,  0x01,  0x31,  0x19,  0x17,  0x1B,
  0xCE,  0x02,  0x41,  0x03,  0x10,  0x02,  0x2C,  0x20,  0x1A,  0x21,
  0x24,  0xCF,  0x01,  0x03,  0x10,  0x01,  0x20,  0x19,  0x2B,  0x2F,
  0xCE,  0x02,  0x41,  0x03,  0x10,  0x02,  0x2C,  0x20,  0x1A,  0x39,
  0x3C,  0xEF,  0x02,  0x42,  0x09,  0x4F,  0x01,  0x02,  0x10,  0x01,
  0x20,  0x19,  0x43,  0x47,  0xCE,  0x02,  0x41,  0x03,  0x10,  0x02,
  0x2C,  0x20,  0x5A,  0x58,  0x5F,  0x1A,  0x50,  0x53,  0xCF,  0x01,
  0x04,  0x10,  0x01,  0x20,  0x16,  0x58,  0xC4,  0x01,  0x01,  0x11,
  0x81,  0x10,  0x01,  0x2C,  0x11,  0x82,  0x00,  0x00,  0x00,  0x00,
  0x00,  0x00,  0xCE,  0x00,  0x6F,  0x00,  0x00,  0x00,  0xFF,  0xFF,
  0xFF,  0xFF,  0x3A,  0x1E,  0x25,  0x5A,  0x1A,  0x1E,  0x1A,  0x17,
  0x1A,  0xCF,  0x01,  0x03,  0x10,  0x01,  0x20,  0x10,  0x02,  0x2C,
  0x20,  0x11,  0x81,  0x10,  0x01,  0x2C,  0x11,  0x82,  0xCE,  0x01,
  0x80,  0x1A,  0x32,  0x35,  0xEF,  0x02,  0x42,  0x09,  0x4F,  0x01,
  0x02,  0x10,  0x01,  0x20,  0x19,  0x47,  0x4B,  0xD3,  0x03,  0x42,
  0x45,  0x47,  0x01,  0x01,  0xD0,  0x01,  0x2D,  0xD0,  0x01,  0x20,
  0xD0,  0x00,  0x10,  0x02,  0x2C,  0x20,  0x5A,  0x5C,  0x63,  0x1A,
  0x54,  0x57,  0xCF,  0x01,  0x04,  0x10,  0x01,  0x20,  0x16,  0x5C,
  0xC4,  0x01,  0x01,  0x11,  0x81,  0x10,  0x01,  0x2C,  0x11,  0x82,
  0x00,  0x00,  0x00,  0x00,
  0x00,  0x00,  0xCF,  0x00,  0x01,  0x00,  0x00,  0x00,  0xFF,  0xFF,
  0xFF,  0xFF,  0x16,  0x17,  0x5A,  0x13,  0x17,  0xD0,  0x01,  0x31,
  0x10,  0x02,  0x2C,  0x20,  0x5A,  0x27,  0x2B,  0x1A,  0x24,  0x27,
  0xEF,  0x02,  0x42,  0x09,  0x4F,  0x01,  0x02,  0x10,  0x01,  0x20,
  0x10,  0x02,  0x2C,  0x20,  0x5A,  0x3B,  0x3F,  0x1A,  0x38,  0x3B,
  0x6F,  0x02,  0x42,  0x09,  0x4F,  0x01,  0x02,  0x10,  0x01,  0x20,
  0x10,  0x02,  0x2C,  0x20,  0x5A,  0x50,  0x57,  0x1A,  0x48,  0x4B,
  0x4F,  0x01,  0x04,  0x10,  0x01,  0x20,  0x16,  0x50,  0xC4,  0x01,
  0x01,  0x11,  0x81,  0x10,  0x01,  0x2C,  0x11,  0x82,  0x00,  0x00,
  0x00,  0x00,
  0x00,  0x00,  0xD0,  0x00,  0x01,  0x00,  0x00,  0x00,  0xFF,  0xFF,
  0xFF,  0xFF,  0x1A,  0x15,  0x18,  0xEF,  0x02,  0x42,  0x09,  0x4F,
  0x01,  0x02,  0x10,  0x01,  0x20,  0x19,  0x2B,  0x2F,  0xD3,  0x03,
  0x25,  0x29,  0x2B,  0x01,  0x01,  0xD0,  0x01,  0x2D,  0xCE,  0x02,
  0x41,  0x03,  0xD0,  0x00,  0x10,  0x02,  0x2C,  0x20,  0x5A,  0x40,
  0x47,  0x1A,  0x38,  0x3B,  0xCF,  0x01,  0x04,  0x10,  0x01,  0x20,
  0x16,  0x40,  0xC4,  0x01,  0x01,  0x11,  0x81,  0x10,  0x01,  0x2C,
  0x11,  0x82,  0x00,  0x00,  0x00,  0x00,
  0x00,  0x00,  0xD2,  0x00,  0x20,  0x00,  0x00,  0x00,  0xFF,  0xFF,
  0xFF,  0xFF,  0x1A,  0x11,  0x14,  0xCF,  0x01,  0x05,  0x10,  0x01,
  0x20,  0x19,  0x27,  0x2B,  0xD3,  0x03,  0x21,  0x25,  0x27,  0x01,
  0x01,  0xD0,  0x01,  0x2D,  0xCE,  0x02,  0x41,  0x03,  0xD0,  0x00,
  0x10,  0x02,  0x2C,  0x20,  0x5A,  0x3C,  0x43,  0x1A,  0x34,  0x37,
  0xCF,  0x01,  0x05,  0x10,  0x01,  0x20,  0x16,  0x3C,  0xC4,  0x01,
  0x01,  0x11,  0x81,  0x10,  0x01,  0x2C,  0x11,  0x82,  0x00,  0x00,
  0x00,  0x00,
  0x00,  0x00,  0xD4,  0x00,  0xFF,  0xFF,  0xFF,  0xFF,  0xFF,  0xFF,
  0xFF,  0xFF,  0x1A,  0x11,  0x14,  0xCF,  0x01,  0x04,  0x10,  0x01,
  0x20,  0x19,  0x1A,  0x1E,  0xD0,  0x01,  0x2D,  0x10,  0x02,  0x2C,
  0x20,  0x1A,  0x24,  0x27,  0xCF,  0x01,  0x04,  0x10,  0x01,  0x20,
  0x19,  0x2D,  0x31,  0xD0,  0x01,  0x2D,  0x10,  0x02,  0x2C,  0x20,
  0x1A,  0x37,  0x3A,  0xCF,  0x01,  0x04,  0x10,  0x01,  0x20,  0x19,
  0x40,  0x44,  0xD0,  0x01,  0x2D,  0x10,  0x02,  0x2C,  0x20,  0x5A,
  0x55,  0x5C,  0x1A,  0x4D,  0x50,  0xCF,  0x01,  0x04,  0x10,  0x01,
  0x20,  0x16,  0x55,  0xC4,  0x01,  0x01,  0x11,  0x81,  0x10,  0x01,
  0x2C,  0x11,  0x82,  0x00,  0x00,  0x00,
  0x00,  0x00,  0xD6,  0x00,  0xFF,  0xFF,  0xFF,  0xFF,  0x04,  0x00,
  0x00,  0x00,  0xCF,  0x01,  0x81,  0x3A,  0x14,  0x17,  0xD0,  0x01,
  0x2F,  0x10,  0x01,  0x20,  0xCF,  0x01,  0x81,  0x16,  0x28,  0x3A,
  0x22,  0x25,  0xD0,  0x01,  0x2F,  0x10,  0x01,  0x20,  0xCF,  0x01,
  0x81,  0x00,  0x00,  0x00,
  0x00,  0x00,  0xDD,  0x00,  0xFF,  0xFF,  0xFF,  0xFF,  0xFF,  0xFF,
  0xFF,  0xFF,  0x19,  0x16,  0x1E,  0x90,  0x06,  0x65,  0x2D,  0x6D,
  0x61,  0x69,  0x6C,  0x10,  0x06,  0x65,  0x20,  0x6D,  0x61,  0x69,
  0x6C,  0x00,
  0x40,  0x10,  0xDE,  0x00,  0xFF,  0xFF,  0xFF,  0xFF,  0xFF,  0xFF,
  0xFF,  0xFF,  0xAF,  0x00,  0xC2,  0x01,  0x81,  0xD3,  0x02,  0x19,
  0x1C,  0x01,  0x81,  0xC2,  0x01,  0x81,  0xD0,  0x01,  0x2D,  0x00,
  0x00,  0x00,
  0x40,  0x10,  0xDF,  0x00,  0x21,  0x00,  0x00,  0x00,  0xFF,  0xFF,
  0xFF,  0xFF,  0xB0,  0x00,  0xC2,  0x01,  0x01,  0x19,  0x16,  0x19,
  0xD0,  0x01,  0x2D,  0x10,  0x01,  0x2D,  0xC2,  0x01,  0x81,  0x00,
  0x00,  0x00,
  0x40,  0x00,  0xE0,  0x00,  0x21,  0x00,  0x00,  0x00,  0xFF,  0xFF,
  0xFF,  0xFF,  0x19,  0x17,  0x23,  0xF0,  0x07,  0x61,  0x20,  0x64,
  0x61,  0x73,  0x68,  0x20,  0x10,  0x0A,  0x65,  0x79,  0x68,  0x20,
  0x20,  0x64,  0x61,  0x73,  0x68,  0x20,  0xC2,  0x01,  0x81,  0x00,
  0x00,  0x00,  0x30,  0x11,  0xFF,  0xFF,  0xFF,  0xFF,  0xFF,  0xFF,
  0xFF,  0xFF,  0xD3,  0x01,  0x17,  0x02,  0x42,  0x0A,  0xCB,  0x01,
  0x01,  0xD0,  0x01,  0x2E,  0x00,  0x00,  0x00,  0x00,
  0x40,  0x10,  0xE6,  0x00,  0xFF,  0xFF,  0xFF,  0xFF,  0xFF,  0xFF,
  0xFF,  0xFF,  0xB3,  0x00,  0xCF,  0x81,  0x81,  0x5A,  0x16,  0x19,
  0xC4,  0x01,  0x01,  0x10,  0x01,  0x20,  0xC2,  0x01,  0x81,  0x00,
  0x00,  0x00,
  0x00,  0x00,  0xEB,  0x00,  0xFF,  0xFF,  0xFF,  0xFF,  0xFF,  0xFF,
  0xFF,  0xFF,  0xC5,  0x01,  0x81,  0x19,  0x15,  0x1C,  0x90,  0x02,
  0x27,  0x73,  0x11,  0x81,  0x10,  0x01,  0x7A,  0x11,  0x82,  0x00,
  0x00,  0x00,
  0x00,  0x20,  0x2B,  0x01,  0x00,  0x00,  0x00,  0x00,
  0x00,  0x01,  0x9A,  0x01,  0x04,  0x00,  0x00,  0x00,  0xFF,  0xFF,
  0xFF,  0xFF,  0xB8,  0x00,  0x5A,  0x13,  0x16,  0xD0,  0x01,  0x30,
  0x10,  0x01,  0x20,  0x5A,  0x2F,  0x33,  0xD3,  0x03,  0x25,  0x2A,
  0x2F,  0x01,  0x01,  0xD0,  0x03,  0x31,  0x33,  0x30,  0xD0,  0x03,
  0x31,  0x38,  0x30,  0xD0,  0x03,  0x31,  0x39,  0x30,  0x10,  0x02,
  0x2C,  0x20,  0x15,  0x4D,  0x16,  0x4D,  0xD3,  0x03,  0x47,  0x4A,
  0x4D,  0x01,  0x01,  0xCE,  0x01,  0x80,  0xD0,  0x01,  0x2F,  0xCE,
  0x01,  0x80,  0xD0,  0x01,  0x2F,  0xCE,  0x01,  0x81,  0x00,  0x00,
  0x00,  0x01,  0x9B,  0x01,  0x04,  0x00,  0x00,  0x00,  0xFF,  0xFF,
  0xFF,  0xFF,  0xB8,  0x00,  0x5A,  0x1D,  0x21,  0x1A,  0x1A,  0x1D,
  0xD0,  0x01,  0x30,  0xCF,  0x02,  0x42,  0x04,  0x10,  0x01,  0x20,
  0x10,  0x02,  0x2C,  0x20,  0x15,  0x3B,  0x16,  0x3B,  0xD3,  0x03,
  0x35,  0x38,  0x3B,  0x01,  0x01,  0xCE,  0x01,  0x80,  0xD0,  0x01,
  0x2F,  0xCE,  0x01,  0x80,  0xD0,  0x01,  0x2F,  0xCE,  0x01,  0x81,
  0x00,  0x00,  0x00,  0x00,
  0x00,  0x20,  0xBD,  0x01,  0x00,  0x00,  0x00,  0x00,
  0x00,  0x01,  0xA4,  0x01,  0x04,  0x00,  0x00,  0x00,  0xFF,  0xFF,
  0xFF,  0xFF,  0xBB,  0x00,  0x5A,  0x1A,  0x1E,  0x1A,  0x17,  0x1A,
  0xCF,  0x02,  0x44,  0x0A,  0x10,  0x01,  0x20,  0x10,  0x02,  0x2C,
  0x20,  0x00,
  0x00,  0x01,  0xA5,  0x01,  0x04,  0x00,  0x00,  0x00,  0xFF,  0xFF,
  0xFF,  0xFF,  0xBB,  0x00,  0x5A,  0x1A,  0x1E,  0x1A,  0x17,  0x1A,
  0xCF,  0x02,  0x41,  0x02,  0x10,  0x01,  0x20,  0x10,  0x02,  0x2C,
  0x20,  0x18,  0xC1,  0x00,  0x16,  0x30,  0x18,  0xC1,  0x00,  0x16,
  0x30,  0x18,  0xC1,  0x00,  0x16,  0x30,  0x18,  0xC1,  0x00,  0x00,
  0x00,  0x00,
  0x00,  0x20,  0xBF,  0x01,  0x00,  0x00,  0x00,  0x00,
  0x00,  0x01,  0xAE,  0x01,  0x04,  0x00,  0x00,  0x00,  0xFF,  0xFF,
  0xFF,  0xFF,  0xBF,  0x00,  0x19,  0x1C,  0x20,  0xCE,  0x01,  0x80,
  0xD0,  0x01,  0x2D,  0xCE,  0x01,  0x80,  0x90,  0x01,  0x30,  0x10,
  0x02,  0x30,  0x2C,  0x00,  0x00,  0x00,
  0x00,  0x01,  0xAF,  0x01,  0x04,  0x00,  0x00,  0x00,  0xFF,  0xFF,
  0xFF,  0xFF,  0xBF,  0x00,  0x19,  0x19,  0x25,  0xCE,  0x01,  0x80,
  0xD0,  0x01,  0x2D,  0xCE,  0x01,  0x80,  0x10,  0x0A,  0x64,  0x75,
  0x72,  0x63,  0x68,  0x77,  0x61,  0x68,  0x6C,  0x20,  0x5A,  0x32,
  0x35,  0x1A,  0x2F,  0x32,  0xCF,  0x02,  0x41,  0x05,  0x10,  0x01,
  0x20,  0x10,  0x01,  0x2C,  0x00,  0x00,
  0x00,  0x01,  0xB0,  0x01,  0x04,  0x00,  0x00,  0x00,  0xFF,  0xFF,
  0xFF,  0xFF,  0xBF,  0x00,  0x15,  0x15,  0xCE,  0x01,  0x81,  0x90,
  0x01,  0x2D,  0x00,  0x00,
  0x00,  0x20,  0xC0,  0x01,  0x00,  0x00,  0x00,  0x00,
  0x00,  0x01,  0xB8,  0x01,  0x04,  0x00,  0x00,  0x00,  0xFF,  0xFF,
  0xFF,  0xFF,  0xBF,  0x00,  0xCE,  0x01,  0x81,  0xD3,  0x02,  0x1C,
  0x21,  0x01,  0x01,  0xD0,  0x04,  0x6F,  0x64,  0x65,  0x72,  0xD0,
  0x03,  0x75,  0x6E,  0x64,  0x19,  0x2C,  0x39,  0xCE,  0x01,  0x80,
  0x16,  0x2C,  0xD0,  0x01,  0x2D,  0x10,  0x0B,  0x20,  0x64,  0x75,
  0x72,  0x63,  0x68,  0x77,  0x61,  0x68,  0x6C,  0x20,  0x5A,  0x45,
  0x48,  0x1A,  0x42,  0x45,  0xCF,  0x01,  0x81,  0x10,  0x01,  0x20,
  0x10,  0x01,  0x2C,  0x00,  0x00,  0x00,
  0x00,  0x20,  0xC1,  0x01,  0x00,  0x00,  0x00,  0x00,
  0x00,  0x00,  0xC2,  0x01,  0x04,  0x00,  0x00,  0x00,  0xFF,  0xFF,
  0xFF,  0xFF,  0x15,  0x10,  0xCE,  0x01,  0x81,  0x5A,  0x1C,  0x20,
  0x1A,  0x19,  0x1C,  0xCF,  0x01,  0x02,  0x10,  0x01,  0x20,  0x10,
  0x02,  0x2C,  0x20,  0x00,  0x00,  0x00,
  0x00,  0x20,  0x2A,  0x01,  0x00,  0x00,  0x00,  0x00,
  0x00,  0x18,  0x57,  0x01,  0x21,  0x00,  0x00,  0x00,  0xFF,  0xFF,
  0xFF,  0xFF,  0x81,  0x00,  0xC4,  0x00,  0x1F,  0x14,  0xC5,  0x01,
  0x06,  0x42,  0x01,  0x81,  0x00,  0x00,  0x00,  0x00,
  0x00,  0x10,  0x63,  0x01,  0x21,  0x00,  0x00,  0x00,  0xFF,  0xFF,
  0xFF,  0xFF,  0xC4,  0x00,  0x1A,  0x13,  0x16,  0xC2,  0x01,  0x81,
  0x10,  0x01,  0x20,  0xD0,  0x03,  0x20,  0x2E,  0x20,  0x1A,  0x2A,
  0x2D,  0xD3,  0x02,  0x27,  0x2A,  0x01,  0x81,  0xC2,  0x01,  0x01,
  0xCF,  0x01,  0x01,  0x10,  0x01,  0x20,  0x00,  0x00,
  0x00,  0x20,  0x58,  0x01,  0x00,  0x00,  0x00,  0x00,
  0x00,  0x09,  0x1C,  0x02,  0xFF,  0xFF,  0xFF,  0xFF,  0xFF,  0xFF,
  0xFF,  0xFF,  0xD4,  0x00,  0xC6,  0x00,  0x5D,  0x1B,  0x19,  0x22,
  0x22,  0xCF,  0x01,  0x01,  0xD1,  0x86,  0x14,  0x22,  0x19,  0x20,
  0x22,  0x92,  0x07,  0x12,  0x09,  0xD3,  0x03,  0x2C,  0x2F,  0x32,
  0x01,  0x01,  0xD0,  0x01,  0x20,  0xD0,  0x01,  0x2C,  0xD0,  0x01,
  0x2E,  0xCE,  0x01,  0x80,  0x00,  0x00,
  0x00,  0x20,  0x07,  0x02,  0x00,  0x00,  0x00,  0x00,
  0x00,  0x01,  0x23,  0x02,  0xFF,  0xFF,  0xFF,  0xFF,  0xFF,  0xFF,
  0xFF,  0xFF,  0xC8,  0x00,  0x16,  0x12,  0xD0,  0x01,  0x2C,  0xCE,
  0x01,  0x80,  0x16,  0x1E,  0xD1,  0x81,  0xD0,  0x01,  0x2C,  0xD1,
  0x82,  0x5D,  0x1B,  0x28,  0x31,  0x31,  0xCF,  0x01,  0x01,  0xD1,
  0x86,  0x14,  0x31,  0x19,  0x2F,  0x31,  0x92,  0x07,  0x12,  0x09,
  0xD3,  0x04,  0x3D,  0x40,  0x43,  0x4A,  0x01,  0x01,  0xCE,  0x02,
  0x41,  0x03,  0xD0,  0x01,  0x2C,  0xD0,  0x01,  0x2E,  0xD1,  0x81,
  0xD0,  0x01,  0x2E,  0xD1,  0x82,  0xCE,  0x01,  0x80,  0x00,  0x00,
  0x00,  0x10,  0x08,  0x02,  0xFF,  0xFF,  0xFF,  0xFF,  0xFF,  0xFF,
  0xFF,  0xFF,  0xC6,  0x00,  0x1A,  0x14,  0x19,  0xCF,  0x02,  0x42,
  0x03,  0x11,  0x86,  0x10,  0x01,  0x20,  0x19,  0x28,  0x2E,  0xD3,
  0x02,  0x25,  0x28,  0x01,  0x01,  0xCE,  0x01,  0x81,  0xD0,  0x01,
  0x2D,  0x11,  0x86,  0x10,  0x02,  0x2C,  0x20,  0x5A,  0x34,  0x39,
  0xCF,  0x01,  0x01,  0x11,  0x86,  0x10,  0x01,  0x20,  0x00,  0x00,
  0x00,  0x20,  0x09,  0x02,  0x00,  0x00,  0x00,  0x00,
  0x00,  0x10,  0x0A,  0x02,  0xFF,  0xFF,  0xFF,  0xFF,  0xFF,  0xFF,
  0xFF,  0xFF,  0xC6,  0x00,  0x1A,  0x14,  0x19,  0xCF,  0x02,  0x42,
  0x03,  0x11,  0x86,  0x10,  0x01,  0x20,  0x19,  0x28,  0x2E,  0xD3,
  0x02,  0x25,  0x28,  0x01,  0x01,  0xCE,  0x01,  0x81,  0xD0,  0x01,
  0x2D,  0x11,  0x86,  0x10,  0x02,  0x2C,  0x20,  0x00,
  0x00,  0x20,  0x0B,  0x02,  0x00,  0x00,  0x00,  0x00,
  0x00,  0x10,  0x0C,  0x02,  0xFF,  0xFF,  0xFF,  0xFF,  0xFF,  0xFF,
  0xFF,  0xFF,  0xC6,  0x00,  0x1A,  0x15,  0x1A,  0xD0,  0x03,  0x30,
  0x31,  0x31,  0x11,  0x86,  0x10,  0x01,  0x20,  0x19,  0x20,  0x26,
  0xD0,  0x01,  0x2D,  0x11,  0x86,  0x10,  0x02,  0x2C,  0x20,  0x1A,
  0x2D,  0x32,  0xCF,  0x02,  0x42,  0x03,  0x11,  0x86,  0x10,  0x01,
  0x20,  0x19,  0x38,  0x3E,  0xD0,  0x01,  0x2D,  0x11,  0x86,  0x10,
  0x02,  0x2C,  0x20,  0x1A,  0x45,  0x4A,  0xCF,  0x02,  0x42,  0x03,
  0x11,  0x86,  0x10,  0x01,  0x20,  0x19,  0x50,  0x56,  0xD0,  0x01,
  0x2D,  0x11,  0x86,  0x10,  0x02,  0x2C,  0x20,  0x5A,  0x5C,  0x61,
  0xCF,  0x01,  0x01,  0x11,  0x86,  0x10,  0x01,  0x20,  0x00,  0x00,
  0x00,  0x20,  0x0D,  0x02,  0x00,  0x00,  0x00,  0x00,
  0x00,  0x10,  0x0E,  0x02,  0xFF,  0xFF,  0xFF,  0xFF,  0xFF,  0xFF,
  0xFF,  0xFF,  0xC6,  0x00,  0x1A,  0x15,  0x1A,  0xD0,  0x03,  0x30,
  0x31,  0x31,  0x11,  0x86,  0x10,  0x01,  0x20,  0x19,  0x20,  0x26,
  0xD0,  0x01,  0x2D,  0x11,  0x86,  0x10,  0x02,  0x2C,  0x20,  0x1A,
  0x2D,  0x32,  0xCF,  0x02,  0x42,  0x03,  0x11,  0x86,  0x10,  0x01,
  0x20,  0x19,  0x38,  0x3E,  0xD0,  0x01,  0x2D,  0x11,  0x86,  0x10,
  0x02,  0x2C,  0x20,  0x1A,  0x45,  0x4A,  0xCF,  0x02,  0x42,  0x03,
  0x11,  0x86,  0x10,  0x01,  0x20,  0x19,  0x50,  0x56,  0x90,  0x01,
  0x2D,  0x11,  0x86,  0x10,  0x02,  0x2C,  0x20,  0x00,
  0x00,  0x20,  0x0F,  0x02,  0x00,  0x00,  0x00,  0x00,
  0x00,  0x20,  0x11,  0x02,  0x00,  0x00,  0x00,  0x00,
  0x00,  0x10,  0x14,  0x02,  0xFF,  0xFF,  0xFF,  0xFF,  0xFF,  0xFF,
  0xFF,  0xFF,  0xC6,  0x00,  0x1A,  0x15,  0x1A,  0xD0,  0x03,  0x30,
  0x31,  0x31,  0x11,  0x86,  0x10,  0x01,  0x20,  0x19,  0x20,  0x26,
  0xD0,  0x01,  0x2D,  0x11,  0x86,  0x10,  0x02,  0x2C,  0x20,  0x1A,
  0x2D,  0x32,  0xCF,  0x02,  0x42,  0x03,  0x11,  0x86,  0x10,  0x01,
  0x20,  0x19,  0x38,  0x3E,  0xD0,  0x01,  0x2D,  0x11,  0x86,  0x10,
  0x02,  0x2C,  0x20,  0x1A,  0x45,  0x4A,  0xCF,  0x02,  0x42,  0x03,
  0x11,  0x86,  0x10,  0x01,  0x20,  0x19,  0x50,  0x56,  0xD0,  0x01,
  0x2D,  0x11,  0x86,  0x10,  0x02,  0x2C,  0x20,  0x1A,  0x5C,  0x61,
  0xCF,  0x01,  0x03,  0x11,  0x86,  0x10,  0x01,  0x20,  0x19,  0x67,
  0x6D,  0xD0,  0x01,  0x2D,  0x11,  0x86,  0x10,  0x02,  0x2C,  0x20,
  0x5A,  0x7B,  0x81,  0x1A,  0x76,  0x7B,  0xCF,  0x01,  0x04,  0x11,
  0x86,  0x10,  0x01,  0x20,  0x11,  0x86,  0x10,  0x02,  0x2E,  0x20,
  0x00,  0x00,
  0x00,  0x20,  0x15,  0x02,  0x00,  0x00,  0x00,  0x00,
  0x00,  0x09,  0x12,  0x02,  0xFF,  0xFF,  0xFF,  0xFF,  0xFF,  0xFF,
  0xFF,  0xFF,  0xD5,  0x00,  0xD4,  0x00,  0x15,  0x1F,  0x16,  0x1F,
  0xD3,  0x02,  0x1C,  0x1F,  0x01,  0x01,  0xCE,  0x01,  0x81,  0xD0,
  0x01,  0x2D,  0x5A,  0x25,  0x29,  0xCF,  0x01,  0x02,  0x10,  0x02,
  0x2C,  0x20,  0x00,  0x00,
  0x00,  0x20,  0x19,  0x02,  0x00,  0x00,  0x00,  0x00,
  0x00,  0x01,  0x54,  0x1F,  0xFF,  0xFF,  0xFF,  0xFF,  0xFF,  0xFF,
  0xFF,  0xFF,  0xA1,  0x00,  0xD3,  0x02,  0x16,  0x19,  0x01,  0x01,
  0xC2,  0x01,  0x81,  0xCF,  0x01,  0x81,  0x19,  0x1F,  0x24,  0x90,
  0x01,  0x2F,  0x10,  0x03,  0x20,  0x2F,  0x20,  0x00,  0x00,  0x00,
  0x00,  0x20,  0x5E,  0x1F,  0x00,  0x00,  0x00,  0x00
};

/* this is table of indexes in the dict_index_table of */
/* start, end, and the size each dictionary */
const dict_pointers_t dict_point[27]={
{	    0,	    1	},
{	    3,	   53	},
{	   55,	   75	},
{	   77,	   97	},
{	   99,	  119	},
{	  121,	  141	},
{	  143,	  143	},
{	  145,	  146	},
{	  148,	  150	},
{	  152,	  152	},
{	  154,	  160	},
{	  162,	  162	},
{	  164,	  164	},
{	  166,	  171	},
{	  173,	  189	},
{	  191,	  191	},
{	  193,	  230	},
{	  232,	  239	},
{	  241,	  252	},
{	  254,	  265	},
{	  267,	  279	},
{	  281,	  292	},
{	  294,	  305	},
{	  307,	  313	},
{	  315,	  326	},
{	  328,	  344	},
{	  346,	  355	}};

const int dict_index_table[356] = {
	0x0000,	0x0008,	0x0012,	0x0014,	0x001E,	0x0029,
	0x0035,	0x0040,	0x004E,	0x005A,	0x0069,	0x0081,
	0x008D,	0x0098,	0x00A3,	0x00AD,	0x00B5,	0x00BE,
	0x00CA,	0x00D5,	0x00DF,	0x00EB,	0x00F8,	0x0109,
	0x0115,	0x011E,	0x012A,	0x0137,	0x0143,	0x0152,
	0x015D,	0x016F,	0x017F,	0x018B,	0x019C,	0x01AA,
	0x01B8,	0x01C2,	0x01CE,	0x01D6,	0x01E2,	0x01EC,
	0x01FC,	0x020C,	0x021E,	0x022E,	0x023B,	0x0244,
	0x024C,	0x0258,	0x0263,	0x0271,	0x027E,	0x028F,
	0x029A,	0x029C,	0x02A3,	0x02AA,	0x02B1,	0x02B8,
	0x02BF,	0x02C6,	0x02CD,	0x02D4,	0x02DB,	0x02E1,
	0x02E8,	0x02EF,	0x02F6,	0x02FC,	0x0302,	0x0308,
	0x030E,	0x0314,	0x031A,	0x0320,	0x0326,	0x0328,
	0x032F,	0x0336,	0x033D,	0x0344,	0x034B,	0x0352,
	0x0359,	0x0360,	0x0367,	0x036D,	0x0374,	0x037B,
	0x0382,	0x0388,	0x038E,	0x0394,	0x039A,	0x03A0,
	0x03A6,	0x03AC,	0x03B2,	0x03B4,	0x03BB,	0x03C2,
	0x03C9,	0x03D0,	0x03D7,	0x03DE,	0x03E5,	0x03EC,
	0x03F3,	0x03F9,	0x0400,	0x0407,	0x040E,	0x0414,
	0x041A,	0x0420,	0x0426,	0x042C,	0x0432,	0x0438,
	0x043E,	0x0440,	0x0447,	0x044E,	0x0455,	0x045C,
	0x0463,	0x046A,	0x0471,	0x0478,	0x047F,	0x0485,
	0x048C,	0x0493,	0x049A,	0x04A0,	0x04A6,	0x04AC,
	0x04B2,	0x04B8,	0x04BE,	0x04C4,	0x04CA,	0x04CC,
	0x04DB,	0x04DD,	0x04EA,	0x04F7,	0x04F9,	0x0504,
	0x050F,	0x051A,	0x051C,	0x0524,	0x0526,	0x052D,
	0x0534,	0x053B,	0x0542,	0x0549,	0x0550,	0x0557,
	0x0559,	0x0565,	0x0567,	0x0571,	0x0573,	0x0582,
	0x058C,	0x0596,	0x05A5,	0x05AD,	0x05B9,	0x05BB,
	0x05C2,	0x05CC,	0x05D6,	0x05E0,	0x05E7,	0x05F1,
	0x05FF,	0x0609,	0x0613,	0x061D,	0x062B,	0x0638,
	0x0645,	0x0652,	0x065C,	0x0666,	0x0670,	0x0672,
	0x0680,	0x0682,	0x068D,	0x069A,	0x06AA,	0x06B5,
	0x06C0,	0x06CB,	0x06DA,	0x06E7,	0x06F2,	0x0701,
	0x070C,	0x0714,	0x0725,	0x073E,	0x0746,	0x0752,
	0x075F,	0x076C,	0x0774,	0x077C,	0x0791,	0x07A4,
	0x07B1,	0x07BB,	0x07C5,	0x07CD,	0x07DA,	0x07E3,
	0x07ED,	0x07F7,	0x07FF,	0x080B,	0x0815,	0x0823,
	0x082D,	0x0837,	0x0842,	0x084C,	0x084E,	0x0855,
	0x085D,	0x086A,	0x0877,	0x087F,	0x088C,	0x0899,
	0x08A0,	0x08A2,	0x08A7,	0x08AC,	0x08B1,	0x08B6,
	0x08BB,	0x08C0,	0x08C5,	0x08CA,	0x08CF,	0x08D4,
	0x08D9,	0x08DE,	0x08E0,	0x08EA,	0x08F5,	0x0902,
	0x090F,	0x091B,	0x0924,	0x092D,	0x0937,	0x093F,
	0x094C,	0x0958,	0x0966,	0x0968,	0x0972,	0x097D,
	0x098A,	0x0996,	0x09A1,	0x09AA,	0x09B3,	0x09BB,
	0x09C3,	0x09CC,	0x09D9,	0x09E5,	0x09F3,	0x09F5,
	0x09FF,	0x0A0A,	0x0A18,	0x0A22,	0x0A2E,	0x0A38,
	0x0A42,	0x0A4D,	0x0A5A,	0x0A66,	0x0A70,	0x0A7F,
	0x0A81,	0x0A8A,	0x0A94,	0x0AA1,	0x0AAD,	0x0AB9,
	0x0AC5,	0x0ACE,	0x0AD7,	0x0AE4,	0x0AF0,	0x0AF9,
	0x0B07,	0x0B09,	0x0B14,	0x0B1F,	0x0B2C,	0x0B37,
	0x0B44,	0x0B50,	0x0B5E,	0x0B60,	0x0B7B,	0x0B96,
	0x0BB0,	0x0BCA,	0x0BE4,	0x0BFE,	0x0C19,	0x0C34,
	0x0C4E,	0x0C68,	0x0C82,	0x0C9C,	0x0C9E,	0x0CA9,
	0x0CB5,	0x0CC0,	0x0CCB,	0x0CD6,	0x0CE2,	0x0CEF,
	0x0CFB,	0x0D08,	0x0D16,	0x0D23,	0x0D30,	0x0D3C,
	0x0D49,	0x0D57,	0x0D66,	0x0D72,	0x0D74,	0x0D79,
	0x0D80,	0x0D85,	0x0D8A,	0x0D8F,	0x0D94,	0x0D99,
	0x0D9E,	0x0DA3
};

const unsigned char dict_data_table[3496] = {
  0x2E,  0x00,  0x20,  0x64,  0x6F,  0x74,  0x20,  0x00,
  0x2F,  0x00,  0x20,  0x73,  0x6C,  0x61,  0x73,  0x68,  0x20,  0x00,

  0x00,  0x00,
  0x41,  0x4B,  0x00,  0x41,  0x6C,  0x61,  0x73,  0x6B,  0x61,  0x00,

  0x41,  0x4C,  0x00,  0x41,  0x6C,  0x61,  0x62,  0x61,  0x6D,  0x61,
  0x00,
  0x41,  0x52,  0x00,  0x41,  0x72,  0x6B,  0x61,  0x6E,  0x73,  0x61,
  0x73,  0x00,
  0x41,  0x5A,  0x00,  0x41,  0x72,  0x69,  0x7A,  0x6F,  0x6E,  0x61,
  0x00,
  0x43,  0x41,  0x00,  0x43,  0x61,  0x6C,  0x69,  0x66,  0x6F,  0x72,
  0x6E,  0x69,  0x61,  0x00,
  0x43,  0x4F,  0x00,  0x43,  0x6F,  0x6C,  0x6F,  0x72,  0x61,  0x64,
  0x6F,  0x00,
  0x43,  0x54,  0x00,  0x43,  0x6F,  0x6E,  0x6E,  0x65,  0x63,  0x74,
  0x69,  0x63,  0x75,  0x74,  0x00,
  0x44,  0x43,  0x00,  0x44,  0x69,  0x73,  0x74,  0x72,  0x69,  0x63,
  0x74,  0x20,  0x6F,  0x66,  0x20,  0x43,  0x6F,  0x6C,  0x75,  0x6D,
  0x62,  0x69,  0x61,  0x00,
  0x44,  0x45,  0x00,  0x44,  0x65,  0x6C,  0x61,  0x77,  0x61,  0x72,
  0x65,  0x00,
  0x46,  0x4C,  0x00,  0x46,  0x6C,  0x6F,  0x72,  0x69,  0x64,  0x61,
  0x00,
  0x47,  0x41,  0x00,  0x47,  0x65,  0x6F,  0x72,  0x67,  0x69,  0x61,
  0x00,
  0x48,  0x49,  0x00,  0x48,  0x61,  0x77,  0x61,  0x69,  0x69,  0x00,

  0x49,  0x41,  0x00,  0x49,  0x6F,  0x77,  0x61,  0x00,
  0x49,  0x44,  0x00,  0x49,  0x64,  0x61,  0x68,  0x6F,  0x00,
  0x49,  0x4C,  0x00,  0x49,  0x6C,  0x6C,  0x69,  0x6E,  0x6F,  0x69,
  0x73,  0x00,
  0x49,  0x4E,  0x00,  0x49,  0x6E,  0x64,  0x69,  0x61,  0x6E,  0x61,
  0x00,
  0x4B,  0x53,  0x00,  0x4B,  0x61,  0x6E,  0x73,  0x61,  0x73,  0x00,

  0x4B,  0x59,  0x00,  0x4B,  0x65,  0x6E,  0x74,  0x75,  0x63,  0x6B,
  0x79,  0x00,
  0x4C,  0x41,  0x00,  0x4C,  0x6F,  0x75,  0x69,  0x73,  0x69,  0x61,
  0x6E,  0x61,  0x00,
  0x4D,  0x41,  0x00,  0x4D,  0x61,  0x73,  0x73,  0x61,  0x63,  0x68,
  0x75,  0x73,  0x65,  0x74,  0x74,  0x73,  0x00,
  0x4D,  0x44,  0x00,  0x4D,  0x61,  0x72,  0x79,  0x6C,  0x61,  0x6E,
  0x64,  0x00,
  0x4D,  0x45,  0x00,  0x4D,  0x61,  0x69,  0x6E,  0x65,  0x00,
  0x4D,  0x49,  0x00,  0x4D,  0x69,  0x63,  0x68,  0x69,  0x67,  0x61,
  0x6E,  0x00,
  0x4D,  0x4E,  0x00,  0x4D,  0x69,  0x6E,  0x6E,  0x65,  0x73,  0x6F,
  0x74,  0x61,  0x00,
  0x4D,  0x4F,  0x00,  0x4D,  0x69,  0x73,  0x73,  0x6F,  0x75,  0x72,
  0x69,  0x00,
  0x4D,  0x53,  0x00,  0x4D,  0x69,  0x73,  0x73,  0x69,  0x73,  0x73,
  0x69,  0x70,  0x70,  0x69,  0x00,
  0x4D,  0x54,  0x00,  0x4D,  0x6F,  0x6E,  0x74,  0x61,  0x6E,  0x61,
  0x00,
  0x4E,  0x43,  0x00,  0x4E,  0x6F,  0x72,  0x74,  0x68,  0x20,  0x43,
  0x61,  0x72,  0x6F,  0x6C,  0x69,  0x6E,  0x61,  0x00,
  0x4E,  0x44,  0x00,  0x4E,  0x6F,  0x72,  0x74,  0x68,  0x20,  0x44,
  0x61,  0x6B,  0x6F,  0x74,  0x61,  0x00,
  0x4E,  0x45,  0x00,  0x4E,  0x65,  0x62,  0x72,  0x61,  0x73,  0x6B,
  0x61,  0x00,
  0x4E,  0x48,  0x00,  0x4E,  0x65,  0x77,  0x20,  0x48,  0x61,  0x6D,
  0x70,  0x73,  0x68,  0x69,  0x72,  0x65,  0x00,
  0x4E,  0x4A,  0x00,  0x4E,  0x65,  0x77,  0x20,  0x4A,  0x65,  0x72,
  0x73,  0x65,  0x79,  0x00,
  0x4E,  0x4D,  0x00,  0x4E,  0x65,  0x77,  0x20,  0x4D,  0x65,  0x78,
  0x69,  0x63,  0x6F,  0x00,
  0x4E,  0x56,  0x00,  0x4E,  0x65,  0x76,  0x61,  0x64,  0x61,  0x00,

  0x4E,  0x59,  0x00,  0x4E,  0x65,  0x77,  0x20,  0x59,  0x6F,  0x72,
  0x6B,  0x00,
  0x4F,  0x48,  0x00,  0x4F,  0x68,  0x69,  0x6F,  0x00,
  0x4F,  0x4B,  0x00,  0x4F,  0x6B,  0x6C,  0x61,  0x68,  0x6F,  0x6D,
  0x61,  0x00,
  0x4F,  0x52,  0x00,  0x4F,  0x72,  0x65,  0x67,  0x6F,  0x6E,  0x00,

  0x50,  0x41,  0x00,  0x50,  0x65,  0x6E,  0x6E,  0x73,  0x79,  0x6C,
  0x76,  0x61,  0x6E,  0x69,  0x61,  0x00,
  0x52,  0x49,  0x00,  0x52,  0x68,  0x6F,  0x64,  0x65,  0x20,  0x49,
  0x73,  0x6C,  0x61,  0x6E,  0x64,  0x00,
  0x53,  0x43,  0x00,  0x53,  0x6F,  0x75,  0x74,  0x68,  0x20,  0x43,
  0x61,  0x72,  0x6F,  0x6C,  0x69,  0x6E,  0x61,  0x00,
  0x53,  0x44,  0x00,  0x53,  0x6F,  0x75,  0x74,  0x68,  0x20,  0x44,
  0x61,  0x6B,  0x6F,  0x74,  0x61,  0x00,
  0x54,  0x4E,  0x00,  0x54,  0x65,  0x6E,  0x6E,  0x65,  0x73,  0x73,
  0x65,  0x65,  0x00,
  0x54,  0x58,  0x00,  0x54,  0x65,  0x78,  0x61,  0x73,  0x00,
  0x55,  0x54,  0x00,  0x55,  0x74,  0x61,  0x68,  0x00,
  0x56,  0x41,  0x00,  0x56,  0x69,  0x72,  0x67,  0x69,  0x6E,  0x69,
  0x61,  0x00,
  0x56,  0x54,  0x00,  0x56,  0x65,  0x72,  0x6D,  0x6F,  0x6E,  0x74,
  0x00,
  0x57,  0x41,  0x00,  0x57,  0x61,  0x73,  0x68,  0x69,  0x6E,  0x67,
  0x74,  0x6F,  0x6E,  0x00,
  0x57,  0x49,  0x00,  0x57,  0x69,  0x73,  0x63,  0x6F,  0x6E,  0x73,
  0x69,  0x6E,  0x00,
  0x57,  0x56,  0x00,  0x57,  0x65,  0x73,  0x74,  0x20,  0x56,  0x69,
  0x72,  0x67,  0x69,  0x6E,  0x69,  0x61,  0x00,
  0x57,  0x59,  0x00,  0x57,  0x79,  0x6F,  0x6D,  0x69,  0x6E,  0x67,
  0x00,
  0x00,  0x00,
  0x30,  0x31,  0x00,  0x65,  0x6E,  0x65,  0x00,
  0x30,  0x32,  0x00,  0x66,  0x65,  0x62,  0x00,
  0x30,  0x33,  0x00,  0x6D,  0x61,  0x72,  0x00,
  0x30,  0x34,  0x00,  0x61,  0x62,  0x72,  0x00,
  0x30,  0x35,  0x00,  0x6D,  0x61,  0x79,  0x00,
  0x30,  0x36,  0x00,  0x6A,  0x75,  0x6E,  0x00,
  0x30,  0x37,  0x00,  0x6A,  0x75,  0x6C,  0x00,
  0x30,  0x38,  0x00,  0x61,  0x67,  0x6F,  0x00,
  0x30,  0x39,  0x00,  0x73,  0x65,  0x70,  0x00,
  0x31,  0x00,  0x65,  0x6E,  0x65,  0x00,
  0x31,  0x30,  0x00,  0x6F,  0x63,  0x74,  0x00,
  0x31,  0x31,  0x00,  0x6E,  0x6F,  0x76,  0x00,
  0x31,  0x32,  0x00,  0x64,  0x69,  0x63,  0x00,
  0x32,  0x00,  0x66,  0x65,  0x62,  0x00,
  0x33,  0x00,  0x6D,  0x61,  0x72,  0x00,
  0x34,  0x00,  0x61,  0x62,  0x72,  0x00,
  0x35,  0x00,  0x6D,  0x61,  0x79,  0x00,
  0x36,  0x00,  0x6A,  0x75,  0x6E,  0x00,
  0x37,  0x00,  0x6A,  0x75,  0x6C,  0x00,
  0x38,  0x00,  0x61,  0x67,  0x6F,  0x00,
  0x39,  0x00,  0x73,  0x65,  0x70,  0x00,
  0x00,  0x00,
  0x30,  0x31,  0x00,  0x6A,  0x61,  0x6E,  0x00,
  0x30,  0x32,  0x00,  0x66,  0x65,  0x62,  0x00,
  0x30,  0x33,  0x00,  0x6D,  0xE4,  0x72,  0x00,
  0x30,  0x34,  0x00,  0x61,  0x70,  0x72,  0x00,
  0x30,  0x35,  0x00,  0x6D,  0x61,  0x69,  0x00,
  0x30,  0x36,  0x00,  0x6A,  0x75,  0x6E,  0x00,
  0x30,  0x37,  0x00,  0x6A,  0x75,  0x6C,  0x00,
  0x30,  0x38,  0x00,  0x61,  0x75,  0x67,  0x00,
  0x30,  0x39,  0x00,  0x73,  0x65,  0x70,  0x00,
  0x31,  0x00,  0x6A,  0x61,  0x6E,  0x00,
  0x31,  0x30,  0x00,  0x6F,  0x6B,  0x74,  0x00,
  0x31,  0x31,  0x00,  0x6E,  0x6F,  0x76,  0x00,
  0x31,  0x32,  0x00,  0x64,  0x65,  0x7A,  0x00,
  0x32,  0x00,  0x66,  0x65,  0x62,  0x00,
  0x33,  0x00,  0x6D,  0xE4,  0x72,  0x00,
  0x34,  0x00,  0x61,  0x70,  0x72,  0x00,
  0x35,  0x00,  0x6D,  0x61,  0x69,  0x00,
  0x36,  0x00,  0x6A,  0x75,  0x6E,  0x00,
  0x37,  0x00,  0x6A,  0x75,  0x6C,  0x00,
  0x38,  0x00,  0x61,  0x75,  0x67,  0x00,
  0x39,  0x00,  0x73,  0x65,  0x70,  0x00,
  0x00,  0x00,
  0x30,  0x31,  0x00,  0x6A,  0x61,  0x6E,  0x00,
  0x30,  0x32,  0x00,  0x66,  0x65,  0x62,  0x00,
  0x30,  0x33,  0x00,  0x6D,  0x61,  0x72,  0x00,
  0x30,  0x34,  0x00,  0x61,  0x70,  0x72,  0x00,
  0x30,  0x35,  0x00,  0x6D,  0x61,  0x79,  0x00,
  0x30,  0x36,  0x00,  0x6A,  0x75,  0x6E,  0x00,
  0x30,  0x37,  0x00,  0x6A,  0x75,  0x6C,  0x00,
  0x30,  0x38,  0x00,  0x61,  0x75,  0x67,  0x00,
  0x30,  0x39,  0x00,  0x73,  0x65,  0x70,  0x00,
  0x31,  0x00,  0x6A,  0x61,  0x6E,  0x00,
  0x31,  0x30,  0x00,  0x6F,  0x63,  0x74,  0x00,
  0x31,  0x31,  0x00,  0x6E,  0x6F,  0x76,  0x00,
  0x31,  0x32,  0x00,  0x64,  0x65,  0x63,  0x00,
  0x32,  0x00,  0x66,  0x65,  0x62,  0x00,
  0x33,  0x00,  0x6D,  0x61,  0x72,  0x00,
  0x34,  0x00,  0x61,  0x70,  0x72,  0x00,
  0x35,  0x00,  0x6D,  0x61,  0x79,  0x00,
  0x36,  0x00,  0x6A,  0x75,  0x6E,  0x00,
  0x37,  0x00,  0x6A,  0x75,  0x6C,  0x00,
  0x38,  0x00,  0x61,  0x75,  0x67,  0x00,
  0x39,  0x00,  0x73,  0x65,  0x70,  0x00,
  0x00,  0x00,
  0x30,  0x31,  0x00,  0x6A,  0x61,  0x6E,  0x00,
  0x30,  0x32,  0x00,  0x66,  0x65,  0x76,  0x00,
  0x30,  0x33,  0x00,  0x6D,  0x61,  0x72,  0x00,
  0x30,  0x34,  0x00,  0x61,  0x76,  0x72,  0x00,
  0x30,  0x35,  0x00,  0x6D,  0x61,  0x69,  0x00,
  0x30,  0x36,  0x00,  0x6A,  0x75,  0x6E,  0x00,
  0x30,  0x37,  0x00,  0x6A,  0x75,  0x69,  0x00,
  0x30,  0x38,  0x00,  0x61,  0x75,  0x6F,  0x00,
  0x30,  0x39,  0x00,  0x73,  0x65,  0x70,  0x00,
  0x31,  0x00,  0x6A,  0x61,  0x6E,  0x00,
  0x31,  0x30,  0x00,  0x6F,  0x63,  0x74,  0x00,
  0x31,  0x31,  0x00,  0x6E,  0x6F,  0x76,  0x00,
  0x31,  0x32,  0x00,  0x64,  0x65,  0x63,  0x00,
  0x32,  0x00,  0x66,  0x65,  0x76,  0x00,
  0x33,  0x00,  0x6D,  0x61,  0x72,  0x00,
  0x34,  0x00,  0x61,  0x76,  0x72,  0x00,
  0x35,  0x00,  0x6D,  0x61,  0x69,  0x00,
  0x36,  0x00,  0x6A,  0x75,  0x6E,  0x00,
  0x37,  0x00,  0x6A,  0x75,  0x69,  0x00,
  0x38,  0x00,  0x61,  0x6F,  0x75,  0x00,
  0x39,  0x00,  0x73,  0x65,  0x70,  0x00,
  0x00,  0x00,
  0x72,  0x6F,  0x6C,  0x6C,  0x65,  0x72,  0x00,  0x72,  0x6F,  0x6C,
  0x6C,  0x65,  0x72,  0x2D,  0x00,
  0x00,  0x00,
  0x63,  0x65,  0x64,  0x61,  0x72,  0x00,  0x63,  0x65,  0x64,  0x61,
  0x72,  0x2D,  0x00,
  0x73,  0x74,  0x61,  0x67,  0x65,  0x00,  0x73,  0x74,  0x61,  0x67,
  0x65,  0x2D,  0x00,
  0x00,  0x00,
  0x62,  0x61,  0x6C,  0x6C,  0x00,  0x62,  0x61,  0x6C,  0x6C,  0x2D,
  0x00,
  0x62,  0x65,  0x74,  0x61,  0x00,  0x62,  0x65,  0x74,  0x61,  0x2D,
  0x00,
  0x66,  0x6F,  0x6C,  0x6B,  0x00,  0x66,  0x6F,  0x6C,  0x6B,  0x2D,
  0x00,
  0x00,  0x00,
  0x71,  0x71,  0x71,  0x00,  0x71,  0x71,  0x71,  0x00,
  0x00,  0x00,
  0x63,  0x6B,  0x00,  0x63,  0x6B,  0x2D,  0x00,
  0x63,  0x76,  0x00,  0x63,  0x76,  0x2D,  0x00,
  0x64,  0x66,  0x00,  0x64,  0x66,  0x2D,  0x00,
  0x6B,  0x66,  0x00,  0x6B,  0x66,  0x2D,  0x00,
  0x6C,  0x74,  0x00,  0x6C,  0x74,  0x2D,  0x00,
  0x74,  0x62,  0x00,  0x74,  0x62,  0x2D,  0x00,
  0x74,  0x6A,  0x00,  0x74,  0x6A,  0x2D,  0x00,
  0x00,  0x00,
  0x71,  0x71,  0x71,  0x71,  0x71,  0x00,  0x71,  0x71,  0x71,  0x71,
  0x71,  0x00,
  0x00,  0x00,
  0x71,  0x71,  0x71,  0x71,  0x00,  0x71,  0x71,  0x71,  0x71,  0x00,

  0x00,  0x00,
  0x41,  0x54,  0x26,  0x54,  0x00,  0x41,  0x2E,  0x54,  0x2E,  0x20,
  0x26,  0x20,  0x54,  0x2E,  0x00,
  0x65,  0x2E,  0x67,  0x2E,  0x00,  0x65,  0x2E,  0x67,  0x2E,  0x00,

  0x69,  0x2E,  0x65,  0x2E,  0x00,  0x69,  0x2E,  0x65,  0x2E,  0x00,

  0x72,  0x65,  0x63,  0x27,  0x64,  0x00,  0x72,  0x65,  0x63,  0x65,
  0x69,  0x76,  0x65,  0x64,  0x00,
  0x77,  0x2F,  0x00,  0x77,  0x69,  0x74,  0x68,  0x00,
  0x77,  0x2F,  0x6F,  0x00,  0x77,  0x69,  0x74,  0x68,  0x6F,  0x75,
  0x74,  0x00,
  0x00,  0x00,
  0x62,  0x75,  0x00,  0x62,  0x20,  0x75,  0x00,
  0x62,  0x79,  0x75,  0x00,  0x62,  0x20,  0x79,  0x20,  0x75,  0x00,

  0x66,  0x73,  0x75,  0x00,  0x66,  0x20,  0x73,  0x20,  0x75,  0x00,

  0x6B,  0x73,  0x75,  0x00,  0x6B,  0x20,  0x73,  0x20,  0x75,  0x00,

  0x6B,  0x75,  0x00,  0x6B,  0x20,  0x75,  0x00,
  0x6D,  0x69,  0x74,  0x00,  0x6D,  0x20,  0x69,  0x20,  0x74,  0x00,

  0x6E,  0x63,  0x61,  0x61,  0x00,  0x4E,  0x2E,  0x43,  0x2E,  0x41,
  0x2E,  0x41,  0x2E,  0x00,
  0x6E,  0x79,  0x75,  0x00,  0x6E,  0x20,  0x79,  0x20,  0x75,  0x00,

  0x6F,  0x73,  0x75,  0x00,  0x6F,  0x20,  0x73,  0x20,  0x75,  0x00,

  0x72,  0x70,  0x69,  0x00,  0x72,  0x20,  0x70,  0x20,  0x69,  0x00,

  0x75,  0x63,  0x6C,  0x61,  0x00,  0x55,  0x2E,  0x43,  0x2E,  0x4C,
  0x2E,  0x41,  0x2E,  0x00,
  0x75,  0x63,  0x6F,  0x6E,  0x6E,  0x00,  0x75,  0x20,  0x63,  0x6F,
  0x6E,  0x6E,  0x00,
  0x75,  0x6D,  0x61,  0x73,  0x73,  0x00,  0x75,  0x20,  0x6D,  0x61,
  0x73,  0x73,  0x00,
  0x75,  0x6E,  0x6C,  0x76,  0x00,  0x75,  0x20,  0x6E,  0x20,  0x6C,
  0x20,  0x76,  0x00,
  0x75,  0x72,  0x69,  0x00,  0x75,  0x20,  0x72,  0x20,  0x69,  0x00,

  0x75,  0x73,  0x63,  0x00,  0x75,  0x20,  0x73,  0x20,  0x63,  0x00,

  0x77,  0x70,  0x69,  0x00,  0x77,  0x20,  0x70,  0x20,  0x69,  0x00,

  0x00,  0x00,
  0x61,  0x70,  0x74,  0x00,  0x61,  0x70,  0x61,  0x72,  0x74,  0x6D,
  0x65,  0x6E,  0x74,  0x00,
  0x00,  0x00,
  0x61,  0x62,  0x63,  0x00,  0x41,  0x2E,  0x42,  0x2E,  0x43,  0x2E,
  0x00,
  0x61,  0x63,  0x63,  0x74,  0x00,  0x61,  0x63,  0x63,  0x6F,  0x75,
  0x6E,  0x74,  0x00,
  0x61,  0x67,  0x72,  0x00,  0x61,  0x67,  0x72,  0x69,  0x63,  0x75,
  0x6C,  0x74,  0x75,  0x72,  0x65,  0x00,
  0x61,  0x6F,  0x6C,  0x00,  0x41,  0x2E,  0x4F,  0x2E,  0x4C,  0x2E,
  0x00,
  0x41,  0x50,  0x49,  0x00,  0x41,  0x2E,  0x50,  0x2E,  0x49,  0x2E,
  0x00,
  0x41,  0x53,  0x41,  0x00,  0x41,  0x2E,  0x53,  0x2E,  0x41,  0x2E,
  0x00,
  0x62,  0x74,  0x77,  0x00,  0x62,  0x79,  0x20,  0x74,  0x68,  0x65,
  0x20,  0x77,  0x61,  0x79,  0x00,
  0x63,  0x61,  0x70,  0x74,  0x00,  0x63,  0x61,  0x70,  0x74,  0x61,
  0x69,  0x6E,  0x00,
  0x63,  0x69,  0x72,  0x00,  0x63,  0x69,  0x72,  0x63,  0x6C,  0x65,
  0x00,
  0x64,  0x74,  0x64,  0x65,  0x6D,  0x6F,  0x00,  0x64,  0x74,  0x20,
  0x64,  0x65,  0x6D,  0x6F,  0x00,
  0x65,  0x6E,  0x65,  0x74,  0x00,  0x65,  0x20,  0x6E,  0x65,  0x74,
  0x00,
  0x65,  0x78,  0x65,  0x00,  0x78,  0x20,  0x65,  0x00,
  0x65,  0x78,  0x70,  0x79,  0x00,  0x65,  0x78,  0x70,  0x72,  0x65,
  0x73,  0x73,  0x20,  0x77,  0x61,  0x79,  0x00,
  0x66,  0x79,  0x69,  0x00,  0x66,  0x6F,  0x72,  0x20,  0x79,  0x6F,
  0x75,  0x72,  0x20,  0x69,  0x6E,  0x66,  0x6F,  0x72,  0x6D,  0x61,
  0x74,  0x69,  0x6F,  0x6E,  0x00,
  0x67,  0x65,  0x00,  0x47,  0x2E,  0x45,  0x2E,  0x00,
  0x68,  0x74,  0x73,  0x00,  0x68,  0x65,  0x69,  0x67,  0x68,  0x74,
  0x73,  0x00,
  0x68,  0x77,  0x79,  0x00,  0x68,  0x69,  0x67,  0x68,  0x20,  0x77,
  0x61,  0x79,  0x00,
  0x6A,  0x63,  0x74,  0x00,  0x6A,  0x75,  0x6E,  0x63,  0x74,  0x69,
  0x6F,  0x6E,  0x00,
  0x6C,  0x6B,  0x00,  0x6C,  0x61,  0x6B,  0x65,  0x00,
  0x6C,  0x6E,  0x00,  0x6C,  0x61,  0x6E,  0x65,  0x00,
  0x6D,  0x70,  0x67,  0x00,  0x6D,  0x69,  0x6C,  0x65,  0x73,  0x20,
  0x70,  0x65,  0x72,  0x20,  0x67,  0x61,  0x6C,  0x6C,  0x6F,  0x6E,
  0x00,
  0x6D,  0x70,  0x68,  0x00,  0x6D,  0x69,  0x6C,  0x65,  0x73,  0x20,
  0x70,  0x65,  0x72,  0x20,  0x68,  0x6F,  0x75,  0x72,  0x00,
  0x6D,  0x74,  0x6E,  0x00,  0x6D,  0x6F,  0x75,  0x6E,  0x74,  0x61,
  0x69,  0x6E,  0x00,
  0x6F,  0x65,  0x6D,  0x00,  0x6F,  0x20,  0x65,  0x20,  0x6D,  0x00,

  0x6F,  0x6C,  0x65,  0x00,  0x6F,  0x20,  0x6C,  0x20,  0x65,  0x00,

  0x4F,  0x53,  0x00,  0x4F,  0x2E,  0x53,  0x2E,  0x00,
  0x70,  0x6B,  0x79,  0x00,  0x70,  0x61,  0x72,  0x6B,  0x20,  0x77,
  0x61,  0x79,  0x00,
  0x70,  0x6C,  0x00,  0x70,  0x6C,  0x61,  0x63,  0x65,  0x00,
  0x70,  0x6C,  0x7A,  0x00,  0x70,  0x6C,  0x61,  0x7A,  0x61,  0x00,

  0x72,  0x64,  0x67,  0x00,  0x72,  0x69,  0x64,  0x67,  0x65,  0x00,

  0x72,  0x6D,  0x00,  0x72,  0x6F,  0x6F,  0x6D,  0x00,
  0x73,  0x74,  0x61,  0x00,  0x73,  0x74,  0x61,  0x74,  0x69,  0x6F,
  0x6E,  0x00,
  0x73,  0x74,  0x65,  0x00,  0x73,  0x75,  0x69,  0x74,  0x65,  0x00,

  0x74,  0x70,  0x6B,  0x65,  0x00,  0x74,  0x75,  0x72,  0x6E,  0x70,
  0x69,  0x6B,  0x65,  0x00,
  0x74,  0x72,  0x6C,  0x00,  0x74,  0x72,  0x61,  0x69,  0x6C,  0x00,

  0x55,  0x52,  0x4C,  0x00,  0x55,  0x20,  0x52,  0x20,  0x4C,  0x00,

  0x76,  0x6C,  0x79,  0x00,  0x76,  0x61,  0x6C,  0x6C,  0x65,  0x79,
  0x00,
  0x7A,  0x6B,  0x6F,  0x00,  0x7A,  0x20,  0x6B,  0x20,  0x6F,  0x00,

  0x00,  0x00,
  0x45,  0x00,  0x65,  0x61,  0x73,  0x74,  0x00,
  0x4E,  0x00,  0x6E,  0x6F,  0x72,  0x74,  0x68,  0x00,
  0x4E,  0x45,  0x00,  0x6E,  0x6F,  0x72,  0x74,  0x68,  0x65,  0x61,
  0x73,  0x74,  0x00,
  0x4E,  0x57,  0x00,  0x6E,  0x6F,  0x72,  0x74,  0x68,  0x77,  0x65,
  0x73,  0x74,  0x00,
  0x53,  0x00,  0x73,  0x6F,  0x75,  0x74,  0x68,  0x00,
  0x53,  0x45,  0x00,  0x73,  0x6F,  0x75,  0x74,  0x68,  0x65,  0x61,
  0x73,  0x74,  0x00,
  0x53,  0x57,  0x00,  0x73,  0x6F,  0x75,  0x74,  0x68,  0x77,  0x65,
  0x73,  0x74,  0x00,
  0x57,  0x00,  0x77,  0x65,  0x73,  0x74,  0x00,
  0x00,  0x00,
  0x41,  0x70,  0x72,  0x00,  0x00,
  0x41,  0x75,  0x67,  0x00,  0x00,
  0x44,  0x65,  0x63,  0x00,  0x00,
  0x46,  0x65,  0x62,  0x00,  0x00,
  0x4A,  0x61,  0x6E,  0x00,  0x00,
  0x4A,  0x75,  0x6C,  0x00,  0x00,
  0x4A,  0x75,  0x6E,  0x00,  0x00,
  0x4D,  0x61,  0x72,  0x00,  0x00,
  0x4D,  0x61,  0x79,  0x00,  0x00,
  0x4E,  0x6F,  0x76,  0x00,  0x00,
  0x4F,  0x63,  0x74,  0x00,  0x00,
  0x53,  0x65,  0x70,  0x00,  0x00,
  0x00,  0x00,
  0x41,  0x70,  0x72,  0x69,  0x6C,  0x00,  0x61,  0x70,  0x72,  0x00,

  0x41,  0x75,  0x67,  0x75,  0x73,  0x74,  0x00,  0x61,  0x75,  0x67,
  0x00,
  0x44,  0x65,  0x63,  0x65,  0x6D,  0x62,  0x65,  0x72,  0x00,  0x64,
  0x65,  0x63,  0x00,
  0x46,  0x65,  0x62,  0x72,  0x75,  0x61,  0x72,  0x79,  0x00,  0x66,
  0x65,  0x62,  0x00,
  0x4A,  0x61,  0x6E,  0x75,  0x61,  0x72,  0x79,  0x00,  0x6A,  0x61,
  0x6E,  0x00,
  0x4A,  0x75,  0x6C,  0x79,  0x00,  0x6A,  0x75,  0x6C,  0x00,
  0x4A,  0x75,  0x6E,  0x65,  0x00,  0x6A,  0x75,  0x6E,  0x00,
  0x4D,  0x61,  0x72,  0x63,  0x68,  0x00,  0x6D,  0x61,  0x72,  0x00,

  0x4D,  0x61,  0x79,  0x00,  0x6D,  0x61,  0x79,  0x00,
  0x4E,  0x6F,  0x76,  0x65,  0x6D,  0x62,  0x65,  0x72,  0x00,  0x6E,
  0x6F,  0x76,  0x00,
  0x4F,  0x63,  0x74,  0x6F,  0x62,  0x65,  0x72,  0x00,  0x6F,  0x63,
  0x74,  0x00,
  0x53,  0x65,  0x70,  0x74,  0x65,  0x6D,  0x62,  0x65,  0x72,  0x00,
  0x73,  0x65,  0x70,  0x00,
  0x00,  0x00,
  0x41,  0x70,  0x72,  0x69,  0x6C,  0x00,  0x61,  0x70,  0x72,  0x00,

  0x41,  0x75,  0x67,  0x75,  0x73,  0x74,  0x00,  0x61,  0x75,  0x67,
  0x00,
  0x44,  0x65,  0x7A,  0x65,  0x6D,  0x62,  0x65,  0x72,  0x00,  0x64,
  0x65,  0x7A,  0x00,
  0x46,  0x65,  0x62,  0x72,  0x75,  0x61,  0x72,  0x00,  0x66,  0x65,
  0x62,  0x00,
  0x4A,  0x61,  0x6E,  0x75,  0x61,  0x72,  0x00,  0x6A,  0x61,  0x6E,
  0x00,
  0x4A,  0x75,  0x6C,  0x69,  0x00,  0x6A,  0x75,  0x6C,  0x00,
  0x4A,  0x75,  0x6E,  0x69,  0x00,  0x6A,  0x75,  0x6E,  0x00,
  0x4D,  0x61,  0x67,  0x00,  0x6D,  0x61,  0x69,  0x00,
  0x4D,  0x61,  0x69,  0x00,  0x6D,  0x61,  0x69,  0x00,
  0x4D,  0xE4,  0x72,  0x7A,  0x00,  0x6D,  0xE4,  0x72,  0x00,
  0x4E,  0x65,  0x76,  0x65,  0x6D,  0x62,  0x65,  0x72,  0x00,  0x6E,
  0x6F,  0x76,  0x00,
  0x4F,  0x6B,  0x74,  0x6F,  0x62,  0x65,  0x72,  0x00,  0x6F,  0x6B,
  0x74,  0x00,
  0x53,  0x65,  0x70,  0x74,  0x65,  0x6D,  0x62,  0x65,  0x72,  0x00,
  0x73,  0x65,  0x70,  0x00,
  0x00,  0x00,
  0x41,  0x62,  0x72,  0x69,  0x6C,  0x00,  0x61,  0x62,  0x72,  0x00,

  0x41,  0x67,  0x6F,  0x73,  0x74,  0x6F,  0x00,  0x61,  0x67,  0x6F,
  0x00,
  0x44,  0x69,  0x63,  0x69,  0x65,  0x6D,  0x62,  0x72,  0x65,  0x00,
  0x64,  0x69,  0x63,  0x00,
  0x45,  0x6E,  0x65,  0x72,  0x6F,  0x00,  0x65,  0x6E,  0x65,  0x00,

  0x46,  0x65,  0x62,  0x72,  0x65,  0x72,  0x6F,  0x00,  0x66,  0x65,
  0x62,  0x00,
  0x4A,  0x75,  0x6C,  0x69,  0x6F,  0x00,  0x6A,  0x75,  0x6C,  0x00,

  0x4A,  0x75,  0x6E,  0x69,  0x6F,  0x00,  0x6A,  0x75,  0x6E,  0x00,

  0x4D,  0x61,  0x72,  0x63,  0x68,  0x61,  0x00,  0x6D,  0x61,  0x72,
  0x00,
  0x4E,  0x65,  0x76,  0x65,  0x6D,  0x62,  0x65,  0x72,  0x00,  0x6E,
  0x6F,  0x76,  0x00,
  0x4F,  0x63,  0x74,  0x75,  0x62,  0x72,  0x65,  0x00,  0x6F,  0x63,
  0x74,  0x00,
  0x50,  0x75,  0x65,  0x64,  0x65,  0x00,  0x6D,  0x61,  0x79,  0x00,

  0x53,  0x65,  0x70,  0x74,  0x69,  0x65,  0x6D,  0x62,  0x72,  0x65,
  0x00,  0x73,  0x65,  0x70,  0x00,
  0x00,  0x00,
  0x41,  0x6F,  0xFB,  0x74,  0x00,  0x61,  0x75,  0x6F,  0x00,
  0x41,  0x76,  0x72,  0x69,  0x6C,  0x00,  0x61,  0x76,  0x72,  0x00,

  0x44,  0xE9,  0x63,  0x65,  0x6D,  0x62,  0x72,  0x65,  0x00,  0x64,
  0x65,  0x63,  0x00,
  0x46,  0xE9,  0x76,  0x72,  0x69,  0x65,  0x72,  0x00,  0x66,  0x65,
  0x76,  0x00,
  0x4A,  0x61,  0x6E,  0x76,  0x69,  0x65,  0x72,  0x00,  0x6A,  0x61,
  0x6E,  0x00,
  0x4A,  0x75,  0x69,  0x6C,  0x6C,  0x65,  0x74,  0x00,  0x6A,  0x75,
  0x6C,  0x00,
  0x4A,  0x75,  0x69,  0x6E,  0x00,  0x6A,  0x75,  0x6E,  0x00,
  0x4D,  0x61,  0x72,  0x73,  0x00,  0x6D,  0x61,  0x72,  0x00,
  0x4E,  0x65,  0x76,  0x65,  0x6D,  0x62,  0x65,  0x72,  0x00,  0x6E,
  0x6F,  0x76,  0x00,
  0x4F,  0x63,  0x74,  0x6F,  0x62,  0x72,  0x65,  0x00,  0x6F,  0x63,
  0x74,  0x00,
  0x50,  0x65,  0x75,  0x74,  0x00,  0x6D,  0x61,  0x69,  0x00,
  0x53,  0x65,  0x70,  0x74,  0x65,  0x6D,  0x62,  0x72,  0x65,  0x00,
  0x73,  0x65,  0x70,  0x00,
  0x00,  0x00,
  0x46,  0x72,  0x69,  0x00,  0x46,  0x72,  0x69,  0x64,  0x61,  0x79,
  0x00,
  0x4D,  0x6F,  0x6E,  0x00,  0x4D,  0x6F,  0x6E,  0x64,  0x61,  0x79,
  0x00,
  0x53,  0x61,  0x74,  0x00,  0x53,  0x61,  0x74,  0x75,  0x72,  0x64,
  0x61,  0x79,  0x00,
  0x53,  0x75,  0x6E,  0x00,  0x53,  0x75,  0x6E,  0x64,  0x61,  0x79,
  0x00,
  0x54,  0x68,  0x75,  0x00,  0x54,  0x68,  0x75,  0x72,  0x73,  0x64,
  0x61,  0x79,  0x00,
  0x54,  0x75,  0x65,  0x00,  0x54,  0x75,  0x65,  0x73,  0x64,  0x61,
  0x79,  0x00,
  0x57,  0x65,  0x64,  0x00,  0x57,  0x65,  0x64,  0x6E,  0x65,  0x73,
  0x64,  0x61,  0x79,  0x00,
  0x00,  0x00,
  0x41,  0x44,  0x54,  0x00,  0x61,  0x74,  0x6C,  0x61,  0x6E,  0x74,
  0x69,  0x63,  0x20,  0x64,  0x61,  0x79,  0x6C,  0x69,  0x67,  0x68,
  0x74,  0x20,  0x74,  0x69,  0x6D,  0x65,  0x00,
  0x41,  0x53,  0x54,  0x00,  0x61,  0x74,  0x6C,  0x61,  0x6E,  0x74,
  0x69,  0x63,  0x20,  0x73,  0x74,  0x61,  0x6E,  0x64,  0x61,  0x72,
  0x64,  0x20,  0x74,  0x69,  0x6D,  0x65,  0x00,
  0x43,  0x44,  0x54,  0x00,  0x63,  0x65,  0x6E,  0x74,  0x72,  0x61,
  0x6C,  0x20,  0x64,  0x61,  0x79,  0x6C,  0x69,  0x67,  0x68,  0x74,
  0x20,  0x74,  0x69,  0x6D,  0x65,  0x00,
  0x43,  0x53,  0x54,  0x00,  0x63,  0x65,  0x6E,  0x74,  0x72,  0x61,
  0x6C,  0x20,  0x73,  0x74,  0x61,  0x6E,  0x64,  0x61,  0x72,  0x64,
  0x20,  0x74,  0x69,  0x6D,  0x65,  0x00,
  0x45,  0x44,  0x54,  0x00,  0x65,  0x61,  0x73,  0x74,  0x65,  0x72,
  0x6E,  0x20,  0x64,  0x61,  0x79,  0x6C,  0x69,  0x67,  0x68,  0x74,
  0x20,  0x74,  0x69,  0x6D,  0x65,  0x00,
  0x45,  0x53,  0x54,  0x00,  0x65,  0x61,  0x73,  0x74,  0x65,  0x72,
  0x6E,  0x20,  0x73,  0x74,  0x61,  0x6E,  0x64,  0x61,  0x72,  0x64,
  0x20,  0x74,  0x69,  0x6D,  0x65,  0x00,
  0x4D,  0x44,  0x54,  0x00,  0x6D,  0x6F,  0x75,  0x6E,  0x74,  0x61,
  0x69,  0x6E,  0x20,  0x64,  0x61,  0x79,  0x6C,  0x69,  0x67,  0x68,
  0x74,  0x20,  0x74,  0x69,  0x6D,  0x65,  0x00,
  0x4D,  0x53,  0x54,  0x00,  0x6D,  0x6F,  0x75,  0x6E,  0x74,  0x61,
  0x69,  0x6E,  0x20,  0x73,  0x74,  0x61,  0x6E,  0x64,  0x61,  0x72,
  0x64,  0x20,  0x74,  0x69,  0x6D,  0x65,  0x00,
  0x50,  0x44,  0x54,  0x00,  0x70,  0x61,  0x63,  0x69,  0x66,  0x69,
  0x63,  0x20,  0x64,  0x61,  0x79,  0x6C,  0x69,  0x67,  0x68,  0x74,
  0x20,  0x74,  0x69,  0x6D,  0x65,  0x00,
  0x50,  0x53,  0x54,  0x00,  0x70,  0x61,  0x63,  0x69,  0x66,  0x69,
  0x63,  0x20,  0x73,  0x74,  0x61,  0x6E,  0x64,  0x61,  0x72,  0x64,
  0x20,  0x74,  0x69,  0x6D,  0x65,  0x00,
  0x57,  0x44,  0x54,  0x00,  0x77,  0x65,  0x73,  0x74,  0x65,  0x72,
  0x6E,  0x20,  0x64,  0x61,  0x79,  0x6C,  0x69,  0x67,  0x68,  0x74,
  0x20,  0x74,  0x69,  0x6D,  0x65,  0x00,
  0x57,  0x53,  0x54,  0x00,  0x77,  0x65,  0x73,  0x74,  0x65,  0x72,
  0x6E,  0x20,  0x73,  0x74,  0x61,  0x6E,  0x64,  0x61,  0x72,  0x64,
  0x20,  0x74,  0x69,  0x6D,  0x65,  0x00,
  0x00,  0x00,
  0x49,  0x49,  0x00,  0x74,  0x68,  0x65,  0x20,  0x32,  0x6E,  0x64,
  0x00,
  0x49,  0x49,  0x49,  0x00,  0x74,  0x68,  0x65,  0x20,  0x33,  0x72,
  0x64,  0x00,
  0x49,  0x56,  0x00,  0x74,  0x68,  0x65,  0x20,  0x34,  0x74,  0x68,
  0x00,
  0x49,  0x58,  0x00,  0x74,  0x68,  0x65,  0x20,  0x39,  0x74,  0x68,
  0x00,
  0x56,  0x49,  0x00,  0x74,  0x68,  0x65,  0x20,  0x36,  0x74,  0x68,
  0x00,
  0x56,  0x49,  0x49,  0x00,  0x74,  0x68,  0x65,  0x20,  0x37,  0x74,
  0x68,  0x00,
  0x56,  0x49,  0x49,  0x49,  0x00,  0x74,  0x68,  0x65,  0x20,  0x38,
  0x74,  0x68,  0x00,
  0x58,  0x49,  0x00,  0x74,  0x68,  0x65,  0x20,  0x31,  0x31,  0x74,
  0x68,  0x00,
  0x58,  0x49,  0x49,  0x00,  0x74,  0x68,  0x65,  0x20,  0x31,  0x32,
  0x74,  0x68,  0x00,
  0x58,  0x49,  0x49,  0x49,  0x00,  0x74,  0x68,  0x65,  0x20,  0x31,
  0x33,  0x74,  0x68,  0x00,
  0x58,  0x49,  0x56,  0x00,  0x74,  0x68,  0x65,  0x20,  0x31,  0x34,
  0x74,  0x68,  0x00,
  0x58,  0x49,  0x58,  0x00,  0x74,  0x68,  0x65,  0x20,  0x31,  0x39,
  0x74,  0x68,  0x00,
  0x58,  0x56,  0x00,  0x74,  0x68,  0x65,  0x20,  0x31,  0x35,  0x74,
  0x68,  0x00,
  0x58,  0x56,  0x49,  0x00,  0x74,  0x68,  0x65,  0x20,  0x31,  0x36,
  0x74,  0x68,  0x00,
  0x58,  0x56,  0x49,  0x49,  0x00,  0x74,  0x68,  0x65,  0x20,  0x31,
  0x37,  0x74,  0x68,  0x00,
  0x58,  0x56,  0x49,  0x49,  0x49,  0x00,  0x74,  0x68,  0x65,  0x20,
  0x31,  0x38,  0x74,  0x68,  0x00,
  0x58,  0x58,  0x00,  0x74,  0x68,  0x65,  0x20,  0x32,  0x30,  0x74,
  0x68,  0x00,
  0x00,  0x00,
  0x30,  0x86,  0x00,  0x30,  0x00,
  0x31,  0x86,  0x00,  0x75,  0x6E,  0x6F,  0x00,
  0x32,  0x86,  0x00,  0x32,  0x00,
  0x33,  0x86,  0x00,  0x33,  0x00,
  0x34,  0x86,  0x00,  0x34,  0x00,
  0x35,  0x86,  0x00,  0x35,  0x00,
  0x36,  0x86,  0x00,  0x36,  0x00,
  0x37,  0x86,  0x00,  0x37,  0x00,
  0x38,  0x86,  0x00,  0x38,  0x00,
  0x39,  0x86,  0x00,  0x39,  0x00
};

